id,descripcion,categoria,origen,dificultad
1,Durante el seguimiento se identificó que las pruebas consumieron una semana más de lo planeado y será necesario reprogramar el validación con usuarios. El punto quedó registrado para revisión.,Cronograma,Sintético controlado,Media
2,En la última reunión se reportó que el único desarrollador frontend disponible está atendiendo dos frentes simultáneos y no puede cubrir todas las solicitudes. La situación requiere seguimiento.,Recursos,Sintético controlado,Media
3,La compra de componentes adicionales incrementará en 18 millones de pesos el valor total previsto. El punto quedó registrado para revisión. El caso fue registrado en el seguimiento semanal.,Costo,Sintético controlado,Media
4,El equipo informó que la nueva cotización de el proveedor de nube supera en 25 % el valor aprobado para el servicio. El punto quedó registrado para revisión.,Costo,Sintético controlado,Media
5,Durante el seguimiento se identificó que la nueva cotización de el tercero de integración supera en 25 % el valor aprobado para el servicio.,Costo,Sintético controlado,Media
6,El equipo informó que se detectó una incompatibilidad entre la versión actual del componente y una librería necesaria para la solución. La situación fue detectada antes del cierre de la iteración.,Técnico,Sintético controlado,Media
7,En la revisión de avance se evidenció que se presentó una vacante inesperada en el equipo y varias responsabilidades quedaron sin responsable directo. El caso fue registrado en el seguimiento semanal.,Recursos,Sintético controlado,Media
8,En la revisión de avance se evidenció que los registros procesados por el pipeline presentan valores inconsistentes frente a la fuente original. La situación requiere seguimiento. El responsable confirmó que se requiere una acción de mitigación.,Técnico,Sintético controlado,Media
9,En la revisión de avance se evidenció que una incompatibilidad en el integración con SAP obliga a adquirir una licencia adicional por 8 millones de pesos. El asunto fue escalado para definir el siguiente paso.,Costo,Sintético controlado,Alta
10,Una incompatibilidad en el pipeline de datos obliga a adquirir una licencia adicional por 24 millones de pesos. La situación requiere seguimiento.,Costo,Sintético controlado,Alta
11,En la última reunión se reportó que una falla del flujo de onboarding está obligando a repetir pruebas y podría afectar la fecha prevista de cierre. El punto quedó registrado para revisión. La novedad sigue abierta al cierre del reporte.,Técnico,Sintético controlado,Alta
12,"En la última reunión se reportó que el proveedor puede mantener la fecha inicialmente acordada, pero únicamente con un servicio adicional de 8 millones de pesos.",Costo,Sintético controlado,Alta
13,Se requirió ampliar la capacidad del ambiente antes de continuar; esta espera mueve el despliegue productivo al siguiente periodo. El punto quedó registrado para revisión.,Cronograma,Sintético controlado,Alta
14,"En la revisión de avance se evidenció que el proveedor puede mantener la fecha inicialmente acordada, pero únicamente con un servicio adicional de 18 millones de pesos. La situación requiere seguimiento.",Costo,Sintético controlado,Alta
15,La integración entre sistemas no está enviando correctamente todos los campos requeridos por el destino. La situación requiere seguimiento. El asunto fue escalado para definir el siguiente paso.,Técnico,Sintético controlado,Media
16,El equipo informó que las horas adicionales de consultoría agotaron la reserva económica prevista para esta etapa.,Costo,Sintético controlado,Media
17,El equipo informó que no hay una persona con el conocimiento requerido para ejecutar la actividad especializada prevista. La situación requiere seguimiento.,Recursos,Sintético controlado,Media
18,El arquitecto de solución asignado al proyecto salió del equipo y todavía no se ha definido su reemplazo. El punto quedó registrado para revisión.,Recursos,Sintético controlado,Media
19,El consumo de infraestructura en la nube quedó por encima de lo estimado y aumentará el gasto mensual. La situación fue detectada antes del cierre de la iteración.,Costo,Sintético controlado,Media
20,En la revisión de avance se evidenció que el analista de pruebas asignado al proyecto salió del equipo y todavía no se ha definido su reemplazo. La situación requiere seguimiento. El responsable confirmó que se requiere una acción de mitigación.,Recursos,Sintético controlado,Media
21,La integración entre sistemas no está enviando correctamente todos los campos requeridos por el destino. La situación requiere seguimiento. El caso fue registrado en el seguimiento semanal.,Técnico,Sintético controlado,Media
22,La rotación reciente dejó al equipo sin suficiente experiencia sobre el portal transaccional.,Recursos,Sintético controlado,Media
23,En la última reunión se reportó que la nueva cotización de el equipo de desarrollo supera en 25 % el valor aprobado para el servicio.,Costo,Sintético controlado,Media
24,La dependencia con el equipo de pruebas no se resolvió a tiempo y la siguiente actividad comenzará más tarde.,Cronograma,Sintético controlado,Media
25,El líder de frente informó que la entrega del módulo de pagos tomará quince días adicionales.,Cronograma,Sintético controlado,Media
26,Durante el seguimiento se identificó que el equipo de arquitectura informó que la entrega del pipeline de datos tomará una semana adicionales. El punto quedó registrado para revisión.,Cronograma,Sintético controlado,Media
27,El integración con SAP presenta fallas de autenticación al ejecutar los casos de prueba.,Técnico,Sintético controlado,Media
28,El único analista de pruebas disponible está atendiendo dos frentes simultáneos y no puede cubrir todas las solicitudes. La situación requiere seguimiento.,Recursos,Sintético controlado,Media
29,"Fue necesario adquirir capacidad adicional para el módulo de clientes, generando un desembolso no contemplado. El caso fue registrado en el seguimiento semanal.",Costo,Sintético controlado,Media
30,En la revisión de avance se evidenció que el despliegue más reciente provocó un comportamiento inesperado en el portal transaccional. La novedad sigue abierta al cierre del reporte.,Técnico,Sintético controlado,Media
31,En la revisión de avance se evidenció que el despliegue más reciente provocó un comportamiento inesperado en el flujo de onboarding. El responsable confirmó que se requiere una acción de mitigación.,Técnico,Sintético controlado,Media
32,En la revisión de avance se evidenció que la compra de componentes adicionales incrementará en 12 millones de pesos el valor total previsto.,Costo,Sintético controlado,Media
33,En la última reunión se reportó que los reprocesos de esta fase demandaron horas de consultoría que no estaban incluidas en la estimación original. El caso fue registrado en el seguimiento semanal.,Costo,Sintético controlado,Media
34,En la revisión de avance se evidenció que se requieren 15 millones de pesos adicionales para completar la contratación necesaria en esta fase. La situación requiere seguimiento. El caso fue registrado en el seguimiento semanal.,Costo,Sintético controlado,Media
35,"Para cubrir la falta de capacidad se evalúa contratar apoyo externo, aunque esto implicaría un gasto adicional.",Recursos,Sintético controlado,Alta
36,El equipo informó que el servicio requiere una actualización no planeada que además podría generar un gasto adicional de infraestructura.,Técnico,Sintético controlado,Alta
37,El valor acumulado de la implementación ya consume más presupuesto del esperado para el nivel de avance actual. El punto quedó registrado para revisión. La novedad sigue abierta al cierre del reporte.,Costo,Sintético controlado,Media
38,En la última reunión se reportó que una incompatibilidad en el integración con SAP obliga a adquirir una licencia adicional por 6 millones de pesos.,Costo,Sintético controlado,Alta
39,El despliegue más reciente provocó un comportamiento inesperado en el flujo de onboarding.,Técnico,Sintético controlado,Media
40,"Fue necesario adquirir capacidad adicional para el ambiente de pruebas, generando un desembolso no contemplado. La situación requiere seguimiento.",Costo,Sintético controlado,Media
41,El avance de la iteración está por debajo de lo previsto y varias tareas pasarán al siguiente ciclo. La situación fue detectada antes del cierre de la iteración.,Cronograma,Sintético controlado,Media
42,En la última reunión se reportó que la integración entre sistemas no está enviando correctamente todos los campos requeridos por el destino. El punto quedó registrado para revisión.,Técnico,Sintético controlado,Media
43,La rotación reciente dejó al equipo sin suficiente experiencia sobre el portal transaccional. El punto quedó registrado para revisión.,Recursos,Sintético controlado,Media
44,En la revisión de avance se evidenció que la incorporación del nuevo líder técnico requiere entrenamiento antes de asumir las tareas asignadas.,Recursos,Sintético controlado,Media
45,En la última reunión se reportó que la entrega del integración con SAP fue reprogramada para una fecha posterior a la comprometida. La situación requiere seguimiento. El caso fue registrado en el seguimiento semanal.,Cronograma,Sintético controlado,Media
46,Durante el seguimiento se identificó que el único líder técnico disponible está atendiendo dos frentes simultáneos y no puede cubrir todas las solicitudes. La situación requiere seguimiento. El caso fue registrado en el seguimiento semanal.,Recursos,Sintético controlado,Media
47,Se requieren 6 millones de pesos adicionales para completar la contratación necesaria en esta fase.,Costo,Sintético controlado,Media
48,El motor de reglas presenta errores de sincronización al ejecutar los casos de prueba. La situación requiere seguimiento.,Técnico,Sintético controlado,Media
49,Durante el seguimiento se identificó que la aprobación requerida para continuar lleva tres días pendiente y bloquea el siguiente hito. El punto quedó registrado para revisión.,Cronograma,Sintético controlado,Media
50,En la última reunión se reportó que el equipo de desarrollo informó que la entrega del portal transaccional tomará diez días adicionales. La novedad sigue abierta al cierre del reporte.,Cronograma,Sintético controlado,Media
51,Dos integrantes fueron trasladados a otra iniciativa y el equipo quedó con menor capacidad para atender las actividades. La situación requiere seguimiento. El responsable confirmó que se requiere una acción de mitigación.,Recursos,Sintético controlado,Media
52,En la última reunión se reportó que se requieren 30 millones de pesos adicionales para completar la contratación necesaria en esta fase. El punto quedó registrado para revisión.,Costo,Sintético controlado,Media
53,La validación no puede continuar porque el componente devuelve información inconsistente después del último despliegue. El asunto fue escalado para definir el siguiente paso.,Técnico,Sintético controlado,Alta
54,Durante el seguimiento se identificó que no hay una persona con el conocimiento requerido para ejecutar la actividad especializada prevista. La situación fue detectada antes del cierre de la iteración.,Recursos,Sintético controlado,Media
55,La compra de componentes adicionales incrementará en 15 millones de pesos el valor total previsto. El punto quedó registrado para revisión.,Costo,Sintético controlado,Media
56,La integración entre sistemas no está enviando correctamente todos los campos requeridos por el destino. El caso fue registrado en el seguimiento semanal.,Técnico,Sintético controlado,Media
57,La integración entre sistemas no está enviando correctamente todos los campos requeridos por el destino. La novedad sigue abierta al cierre del reporte.,Técnico,Sintético controlado,Media
58,En la última reunión se reportó que las pruebas consumieron dos días más de lo planeado y será necesario reprogramar el aprobación funcional. El punto quedó registrado para revisión.,Cronograma,Sintético controlado,Media
59,La compra de componentes adicionales incrementará en 42 millones de pesos el valor total previsto. La situación requiere seguimiento.,Costo,Sintético controlado,Media
60,"El equipo informó que al ejecutar solicitudes simultáneas, el servicio responde con errores y deja operaciones incompletas. La situación requiere seguimiento. La novedad sigue abierta al cierre del reporte.",Técnico,Sintético controlado,Media
61,Durante el seguimiento se identificó que la compra de componentes adicionales incrementará en 42 millones de pesos el valor total previsto.,Costo,Sintético controlado,Media
62,La entrega del portal transaccional fue reprogramada para una fecha posterior a la comprometida. La situación requiere seguimiento.,Cronograma,Sintético controlado,Media
63,Durante el seguimiento se identificó que los reprocesos de esta fase demandaron horas de consultoría que no estaban incluidas en la estimación original. La situación requiere seguimiento. La situación fue detectada antes del cierre de la iteración.,Costo,Sintético controlado,Media
64,En la última reunión se reportó que la validación no puede continuar porque el componente devuelve información inconsistente después del último despliegue. La situación fue detectada antes del cierre de la iteración.,Técnico,Sintético controlado,Alta
65,El equipo de pruebas no cuenta con suficientes analistas para cubrir todos los escenarios definidos. La situación requiere seguimiento. El asunto fue escalado para definir el siguiente paso.,Recursos,Sintético controlado,Media
66,El área usuaria informó que la entrega del portal transaccional tomará tres días adicionales. La situación requiere seguimiento.,Cronograma,Sintético controlado,Media
67,En la revisión de avance se evidenció que la ausencia temporal de un especialista dejó pendiente una validación y la entrega prevista deberá correrse dos días.,Cronograma,Sintético controlado,Alta
68,"En la última reunión se reportó que al ejecutar solicitudes simultáneas, el servicio responde con errores y deja operaciones incompletas. La situación requiere seguimiento. El responsable confirmó que se requiere una acción de mitigación.",Técnico,Sintético controlado,Media
69,El despliegue más reciente provocó un comportamiento inesperado en el motor de reglas. El responsable confirmó que se requiere una acción de mitigación.,Técnico,Sintético controlado,Media
70,En la revisión de avance se evidenció que los registros procesados por el pipeline presentan valores inconsistentes frente a la fuente original.,Técnico,Sintético controlado,Media
71,"En la última reunión se reportó que el proveedor pidió un ajuste adicional antes de entregar el componente, por lo que la fecha comprometida ya no podrá mantenerse. El punto quedó registrado para revisión. La situación fue detectada antes del cierre de la iteración.",Cronograma,Sintético controlado,Alta
72,Se requirió ampliar la capacidad del ambiente antes de continuar; esta espera mueve el entrega del incremento al siguiente periodo. El responsable confirmó que se requiere una acción de mitigación.,Cronograma,Sintético controlado,Alta
73,En la última reunión se reportó que el ambiente de pruebas pierde conexión con la base de datos de forma intermitente. El caso fue registrado en el seguimiento semanal.,Técnico,Sintético controlado,Media
74,El servicio requiere una actualización no planeada que además podría generar un gasto adicional de infraestructura. El punto quedó registrado para revisión. El responsable confirmó que se requiere una acción de mitigación.,Técnico,Sintético controlado,Alta
75,El módulo de clientes presenta fallas de autenticación en la última revisión semanal. El punto quedó registrado para revisión.,Técnico,Sintético controlado,Media
76,Durante el seguimiento se identificó que la nueva cotización de el equipo de desarrollo supera en 20 % el valor aprobado para el servicio.,Costo,Sintético controlado,Media
77,La ausencia del analista funcional dejó sin atender una configuración y podría mover el cierre de la iteración. El punto quedó registrado para revisión. El asunto fue escalado para definir el siguiente paso.,Recursos,Sintético controlado,Alta
78,"Fue necesario adquirir capacidad adicional para el portal transaccional, generando un desembolso no contemplado.",Costo,Sintético controlado,Media
79,En la revisión de avance se evidenció que el cierre de la iteración deberá moverse cuatro días porque una actividad previa continúa pendiente. El punto quedó registrado para revisión. El asunto fue escalado para definir el siguiente paso.,Cronograma,Sintético controlado,Media
80,"En la revisión de avance se evidenció que una tarea crítica presenta errores, pero el especialista que conoce el componente no estará disponible esta semana.",Recursos,Sintético controlado,Alta
81,Durante el seguimiento se identificó que la integración entre sistemas no está enviando correctamente todos los campos requeridos por el destino. La situación fue detectada antes del cierre de la iteración.,Técnico,Sintético controlado,Media
82,"Durante el seguimiento se identificó que el proveedor entregó el componente a tiempo, pero la versión instalada no es compatible con el entorno actual. El punto quedó registrado para revisión.",Técnico,Sintético controlado,Alta
83,En la última reunión se reportó que el despliegue más reciente provocó un comportamiento inesperado en el ambiente de pruebas.,Técnico,Sintético controlado,Media
84,El equipo informó que el equipo de pruebas no cuenta con suficientes analistas para cubrir todos los escenarios definidos. El caso fue registrado en el seguimiento semanal.,Recursos,Sintético controlado,Media
85,Una nueva revisión de seguridad agregó actividades no previstas y el cierre del sprint quedará para la siguiente semana. La novedad sigue abierta al cierre del reporte.,Cronograma,Sintético controlado,Alta
86,En la revisión de avance se evidenció que la ausencia temporal de un especialista dejó pendiente una validación y la entrega prevista deberá correrse quince días. La situación requiere seguimiento. La novedad sigue abierta al cierre del reporte.,Cronograma,Sintético controlado,Alta
87,La nueva cotización de el equipo de datos supera en 12 % el valor aprobado para el servicio. El punto quedó registrado para revisión.,Costo,Sintético controlado,Media
88,El proceso de sincronización falla cuando el volumen de transacciones supera el límite configurado. La novedad sigue abierta al cierre del reporte.,Técnico,Sintético controlado,Media
89,El equipo de implementación informó que la entrega del integración con SAP tomará diez días adicionales.,Cronograma,Sintético controlado,Media
90,La rotación reciente dejó al equipo sin suficiente experiencia sobre el ambiente de pruebas. El asunto fue escalado para definir el siguiente paso.,Recursos,Sintético controlado,Media
91,En la revisión de avance se evidenció que la dependencia con el equipo de implementación no se resolvió a tiempo y la siguiente actividad comenzará más tarde. La situación fue detectada antes del cierre de la iteración.,Cronograma,Sintético controlado,Media
92,"Fue necesario adquirir capacidad adicional para el ambiente de pruebas, generando un desembolso no contemplado. La situación requiere seguimiento. La situación fue detectada antes del cierre de la iteración.",Costo,Sintético controlado,Media
93,Una nueva revisión de seguridad agregó actividades no previstas y el cierre del sprint quedará para la siguiente semana. El asunto fue escalado para definir el siguiente paso.,Cronograma,Sintético controlado,Alta
94,El proveedor actualizó sus tarifas y el servicio quedará 20 % por encima del monto considerado inicialmente.,Costo,Sintético controlado,Media
95,La incorporación del nuevo líder técnico requiere entrenamiento antes de asumir las tareas asignadas. La situación requiere seguimiento.,Recursos,Sintético controlado,Media
96,Dos integrantes fueron trasladados a otra iniciativa y el equipo quedó con menor capacidad para atender las actividades. El punto quedó registrado para revisión. El responsable confirmó que se requiere una acción de mitigación.,Recursos,Sintético controlado,Media
97,El equipo informó que la validación no puede continuar porque el componente devuelve información inconsistente después del último despliegue. El punto quedó registrado para revisión. El responsable confirmó que se requiere una acción de mitigación.,Técnico,Sintético controlado,Alta
98,En la revisión de avance se evidenció que la ausencia temporal de un especialista dejó pendiente una validación y la entrega prevista deberá correrse dos semanas.,Cronograma,Sintético controlado,Alta
99,La rotación reciente dejó al equipo sin suficiente experiencia sobre el ambiente de pruebas.,Recursos,Sintético controlado,Media
100,El equipo informó que los registros procesados por el pipeline presentan valores inconsistentes frente a la fuente original.,Técnico,Sintético controlado,Media
101,Una falla del módulo de pagos está obligando a repetir pruebas y podría afectar la fecha prevista de cierre.,Técnico,Sintético controlado,Alta
102,Una falla detectada en el módulo de pagos obligó a repetir pruebas y el inicio de pruebas se desplazará una semana. La situación requiere seguimiento.,Cronograma,Sintético controlado,Alta
103,El ambiente de pruebas presenta errores de sincronización en el ambiente de certificación. La situación requiere seguimiento.,Técnico,Sintético controlado,Media
104,El pipeline de datos presenta consumo excesivo de memoria durante las pruebas integrales. La novedad sigue abierta al cierre del reporte.,Técnico,Sintético controlado,Media
105,La ausencia del administrador de base de datos dejó sin atender una configuración y podría mover el salida a producción. La situación requiere seguimiento.,Recursos,Sintético controlado,Alta
106,Una falla detectada en el ambiente de pruebas obligó a repetir pruebas y el entrega del incremento se desplazará dos días. La situación requiere seguimiento.,Cronograma,Sintético controlado,Alta
107,El equipo informó que la nueva cotización de el proveedor de nube supera en 22 % el valor aprobado para el servicio. La situación requiere seguimiento. La novedad sigue abierta al cierre del reporte.,Costo,Sintético controlado,Media
108,Se requirió ampliar la capacidad del ambiente antes de continuar; esta espera mueve el cierre del sprint al siguiente periodo.,Cronograma,Sintético controlado,Alta
109,En la revisión de avance se evidenció que la aprobación requerida para continuar lleva diez días pendiente y bloquea el siguiente hito. El punto quedó registrado para revisión. El responsable confirmó que se requiere una acción de mitigación.,Cronograma,Sintético controlado,Media
110,Se detectó una incompatibilidad entre la versión actual del componente y una librería necesaria para la solución.,Técnico,Sintético controlado,Media
111,En la última reunión se reportó que no hay una persona con el conocimiento requerido para ejecutar la actividad especializada prevista. El punto quedó registrado para revisión.,Recursos,Sintético controlado,Media
112,En la revisión de avance se evidenció que el equipo de pruebas no cuenta con suficientes analistas para cubrir todos los escenarios definidos. La situación requiere seguimiento.,Recursos,Sintético controlado,Media
113,La renovación de licencias requiere 42 millones de pesos más frente a la estimación inicial.,Costo,Sintético controlado,Media
114,El integración con SAP presenta fallas al procesar grandes volúmenes en la última revisión semanal. La situación requiere seguimiento.,Técnico,Sintético controlado,Media
115,En la revisión de avance se evidenció que la aplicación consume más memoria de la esperada y se reinicia bajo alta carga. El punto quedó registrado para revisión.,Técnico,Sintético controlado,Media
116,En la revisión de avance se evidenció que el despliegue más reciente provocó un comportamiento inesperado en el pipeline de datos. El punto quedó registrado para revisión. El asunto fue escalado para definir el siguiente paso.,Técnico,Sintético controlado,Media
117,El equipo informó que la aplicación consume más memoria de la esperada y se reinicia bajo alta carga. El punto quedó registrado para revisión. El responsable confirmó que se requiere una acción de mitigación.,Técnico,Sintético controlado,Media
118,En la revisión de avance se evidenció que los reprocesos de esta fase demandaron horas de consultoría que no estaban incluidas en la estimación original. El punto quedó registrado para revisión.,Costo,Sintético controlado,Media
119,El equipo informó que el despliegue más reciente provocó un comportamiento inesperado en el módulo de clientes. El punto quedó registrado para revisión. El responsable confirmó que se requiere una acción de mitigación.,Técnico,Sintético controlado,Media
120,Durante el seguimiento se identificó que se requieren 42 millones de pesos adicionales para completar la contratación necesaria en esta fase. El punto quedó registrado para revisión. El asunto fue escalado para definir el siguiente paso.,Costo,Sintético controlado,Media
121,En la revisión de avance se evidenció que la renovación de licencias requiere 18 millones de pesos más frente a la estimación inicial.,Costo,Sintético controlado,Media
122,"Al ejecutar solicitudes simultáneas, el servicio responde con errores y deja operaciones incompletas. La novedad sigue abierta al cierre del reporte.",Técnico,Sintético controlado,Media
123,El equipo informó que la renovación de licencias requiere 18 millones de pesos más frente a la estimación inicial. La novedad sigue abierta al cierre del reporte.,Costo,Sintético controlado,Media
124,La revisión del servicio de autenticación está detenida: la única persona con permisos y conocimiento se encuentra fuera del proyecto.,Recursos,Sintético controlado,Alta
125,La entrega del módulo de pagos fue reprogramada para una fecha posterior a la comprometida. La situación requiere seguimiento.,Cronograma,Sintético controlado,Media
126,En la última reunión se reportó que el valor acumulado de la implementación ya consume más presupuesto del esperado para el nivel de avance actual. El punto quedó registrado para revisión.,Costo,Sintético controlado,Media
127,El equipo informó que el especialista de integración asignado al proyecto salió del equipo y todavía no se ha definido su reemplazo.,Recursos,Sintético controlado,Media
128,La incorporación del nuevo analista de pruebas requiere entrenamiento antes de asumir las tareas asignadas. La situación requiere seguimiento.,Recursos,Sintético controlado,Media
129,Durante el seguimiento se identificó que el consumo de infraestructura en la nube quedó por encima de lo estimado y aumentará el gasto mensual. La situación requiere seguimiento.,Costo,Sintético controlado,Media
130,El componente de facturación presenta fallas de autenticación durante las pruebas integrales. El punto quedó registrado para revisión.,Técnico,Sintético controlado,Media
131,En la revisión de avance se evidenció que se requieren 18 millones de pesos adicionales para completar la contratación necesaria en esta fase.,Costo,Sintético controlado,Media
132,Durante el seguimiento se identificó que no hay una persona con el conocimiento requerido para ejecutar la actividad especializada prevista. El punto quedó registrado para revisión. El asunto fue escalado para definir el siguiente paso.,Recursos,Sintético controlado,Media
133,El servicio requiere una actualización no planeada que además podría generar un gasto adicional de infraestructura. La situación requiere seguimiento.,Técnico,Sintético controlado,Alta
134,En la última reunión se reportó que las pruebas consumieron dos días más de lo planeado y será necesario reprogramar el certificación del módulo.,Cronograma,Sintético controlado,Media
135,Se detectó una incompatibilidad entre la versión actual del componente y una librería necesaria para la solución. La situación requiere seguimiento. El caso fue registrado en el seguimiento semanal.,Técnico,Sintético controlado,Media
136,"Durante el seguimiento se identificó que el equipo disponible es reducido, pero el bloqueo actual se origina en errores recurrentes de comunicación entre los sistemas. La situación requiere seguimiento.",Técnico,Sintético controlado,Alta
137,El proveedor externo informó que la entrega del servicio de notificaciones tomará cuatro días adicionales.,Cronograma,Sintético controlado,Media
138,La nueva cotización de el equipo de desarrollo supera en 18 % el valor aprobado para el servicio. El punto quedó registrado para revisión.,Costo,Sintético controlado,Media
139,El equipo informó que la dependencia con el equipo funcional no se resolvió a tiempo y la siguiente actividad comenzará más tarde. La situación requiere seguimiento.,Cronograma,Sintético controlado,Media
140,En la última reunión se reportó que los registros procesados por el pipeline presentan valores inconsistentes frente a la fuente original.,Técnico,Sintético controlado,Media
141,Una incompatibilidad en el módulo de pagos obliga a adquirir una licencia adicional por 8 millones de pesos. El punto quedó registrado para revisión.,Costo,Sintético controlado,Alta
142,En la revisión de avance se evidenció que el equipo no alcanzó a completar las pruebas porque parte de sus integrantes fue reasignada a una atención prioritaria. La situación requiere seguimiento.,Recursos,Sintético controlado,Alta
143,En la revisión de avance se evidenció que el integración con SAP presenta errores de sincronización en el ambiente de certificación. La situación requiere seguimiento. La situación fue detectada antes del cierre de la iteración.,Técnico,Sintético controlado,Media
144,En la revisión de avance se evidenció que la revisión pendiente ha consumido una semana y todavía impide iniciar la actividad sucesora.,Cronograma,Sintético controlado,Media
145,En la revisión de avance se evidenció que el único líder técnico disponible está atendiendo dos frentes simultáneos y no puede cubrir todas las solicitudes.,Recursos,Sintético controlado,Media
146,El despliegue más reciente provocó un comportamiento inesperado en el componente de facturación. El responsable confirmó que se requiere una acción de mitigación.,Técnico,Sintético controlado,Media
147,Las pruebas consumieron cuatro días más de lo planeado y será necesario reprogramar el aprobación funcional. El punto quedó registrado para revisión.,Cronograma,Sintético controlado,Media
148,"Al ejecutar solicitudes simultáneas, el servicio responde con errores y deja operaciones incompletas. La situación requiere seguimiento.",Técnico,Sintético controlado,Media
149,En la última reunión se reportó que el proceso de sincronización falla cuando el volumen de transacciones supera el límite configurado. El caso fue registrado en el seguimiento semanal.,Técnico,Sintético controlado,Media
150,En la última reunión se reportó que la revisión pendiente ha consumido quince días y todavía impide iniciar la actividad sucesora. La situación fue detectada antes del cierre de la iteración.,Cronograma,Sintético controlado,Media
151,Las pruebas consumieron cuatro días más de lo planeado y será necesario reprogramar el inicio de la siguiente fase. El punto quedó registrado para revisión.,Cronograma,Sintético controlado,Media
152,En la última reunión se reportó que el componente de facturación presenta errores de sincronización durante la preparación del despliegue.,Técnico,Sintético controlado,Media
153,Las pruebas consumieron una semana más de lo planeado y será necesario reprogramar el despliegue productivo.,Cronograma,Sintético controlado,Media
154,El equipo no alcanzó a completar las pruebas porque parte de sus integrantes fue reasignada a una atención prioritaria. El caso fue registrado en el seguimiento semanal.,Recursos,Sintético controlado,Alta
155,Durante el seguimiento se identificó que el líder técnico asignado al proyecto salió del equipo y todavía no se ha definido su reemplazo.,Recursos,Sintético controlado,Media
156,La actividad de configuración no terminó en la fecha prevista y desplazará el certificación del módulo. El caso fue registrado en el seguimiento semanal.,Cronograma,Sintético controlado,Media
157,El ambiente de pruebas pierde conexión con la base de datos de forma intermitente. La situación requiere seguimiento. El caso fue registrado en el seguimiento semanal.,Técnico,Sintético controlado,Media
158,La revisión pendiente ha consumido una semana y todavía impide iniciar la actividad sucesora. El punto quedó registrado para revisión. La situación fue detectada antes del cierre de la iteración.,Cronograma,Sintético controlado,Media
159,El equipo no alcanzó a completar las pruebas porque parte de sus integrantes fue reasignada a una atención prioritaria. El asunto fue escalado para definir el siguiente paso.,Recursos,Sintético controlado,Alta
160,La salida de un especialista exige contratar soporte externo y eleva el gasto previsto en 22 %.,Costo,Sintético controlado,Alta
161,En la última reunión se reportó que las horas adicionales de consultoría agotaron la reserva económica prevista para esta etapa. El punto quedó registrado para revisión.,Costo,Sintético controlado,Media
162,En la última reunión se reportó que los reprocesos de esta fase demandaron horas de consultoría que no estaban incluidas en la estimación original. La situación fue detectada antes del cierre de la iteración.,Costo,Sintético controlado,Media
163,Se presentó una vacante inesperada en el equipo y varias responsabilidades quedaron sin responsable directo. La situación requiere seguimiento. El responsable confirmó que se requiere una acción de mitigación.,Recursos,Sintético controlado,Media
164,"Durante el seguimiento se identificó que fue necesario adquirir capacidad adicional para el servicio de notificaciones, generando un desembolso no contemplado. El punto quedó registrado para revisión.",Costo,Sintético controlado,Media
165,En la última reunión se reportó que el certificación del módulo deberá moverse cuatro días porque una actividad previa continúa pendiente.,Cronograma,Sintético controlado,Media
166,La revisión pendiente ha consumido diez días y todavía impide iniciar la actividad sucesora. El punto quedó registrado para revisión.,Cronograma,Sintético controlado,Media
167,Durante el seguimiento se identificó que la carga de trabajo actual supera la disponibilidad del equipo durante esta iteración.,Recursos,Sintético controlado,Media
168,El equipo informó que se presentó una vacante inesperada en el equipo y varias responsabilidades quedaron sin responsable directo. La novedad sigue abierta al cierre del reporte.,Recursos,Sintético controlado,Media
169,En la revisión de avance se evidenció que los registros procesados por el pipeline presentan valores inconsistentes frente a la fuente original. La situación requiere seguimiento. El caso fue registrado en el seguimiento semanal.,Técnico,Sintético controlado,Media
170,El proveedor actualizó sus tarifas y el servicio quedará 18 % por encima del monto considerado inicialmente. El punto quedó registrado para revisión. El caso fue registrado en el seguimiento semanal.,Costo,Sintético controlado,Media
171,En la revisión de avance se evidenció que la aprobación requerida para continuar lleva ocho días pendiente y bloquea el siguiente hito.,Cronograma,Sintético controlado,Media
172,Se detectó una incompatibilidad entre la versión actual del componente y una librería necesaria para la solución. El caso fue registrado en el seguimiento semanal.,Técnico,Sintético controlado,Media
173,El equipo informó que el líder técnico asignado al proyecto salió del equipo y todavía no se ha definido su reemplazo.,Recursos,Sintético controlado,Media
174,La dependencia con el equipo de desarrollo no se resolvió a tiempo y la siguiente actividad comenzará más tarde. La situación requiere seguimiento.,Cronograma,Sintético controlado,Media
175,Una nueva revisión de seguridad agregó actividades no previstas y el cierre del sprint quedará para la siguiente semana.,Cronograma,Sintético controlado,Alta
176,En la revisión de avance se evidenció que la revisión pendiente ha consumido cuatro días y todavía impide iniciar la actividad sucesora. La situación fue detectada antes del cierre de la iteración.,Cronograma,Sintético controlado,Media
177,El líder técnico asignado al proyecto salió del equipo y todavía no se ha definido su reemplazo. La situación requiere seguimiento. El responsable confirmó que se requiere una acción de mitigación.,Recursos,Sintético controlado,Media
178,Durante el seguimiento se identificó que el mecanismo de autenticación rechaza solicitudes válidas en algunos escenarios de prueba. El asunto fue escalado para definir el siguiente paso.,Técnico,Sintético controlado,Media
179,El equipo informó que la ausencia temporal de un especialista dejó pendiente una validación y la entrega prevista deberá correrse dos días.,Cronograma,Sintético controlado,Alta
180,Durante el seguimiento se identificó que los registros procesados por el pipeline presentan valores inconsistentes frente a la fuente original. El punto quedó registrado para revisión.,Técnico,Sintético controlado,Media
181,Durante el seguimiento se identificó que el despliegue más reciente provocó un comportamiento inesperado en el ambiente de pruebas. La situación requiere seguimiento. El responsable confirmó que se requiere una acción de mitigación.,Técnico,Sintético controlado,Media
182,En la revisión de avance se evidenció que los reprocesos de esta fase demandaron horas de consultoría que no estaban incluidas en la estimación original.,Costo,Sintético controlado,Media
183,La incorporación del nuevo administrador de base de datos requiere entrenamiento antes de asumir las tareas asignadas. La situación requiere seguimiento.,Recursos,Sintético controlado,Media
184,Se requirió ampliar la capacidad del ambiente antes de continuar; esta espera mueve el certificación del módulo al siguiente periodo. La situación requiere seguimiento.,Cronograma,Sintético controlado,Alta
185,La aprobación requerida para continuar lleva ocho días pendiente y bloquea el siguiente hito. La situación requiere seguimiento. La situación fue detectada antes del cierre de la iteración.,Cronograma,Sintético controlado,Media
186,El equipo funcional tendrá disponibilidad parcial durante las próximas semanas por asignaciones en otra iniciativa. El caso fue registrado en el seguimiento semanal.,Recursos,Sintético controlado,Media
187,La aplicación consume más memoria de la esperada y se reinicia bajo alta carga. El caso fue registrado en el seguimiento semanal.,Técnico,Sintético controlado,Media
188,El equipo funcional tendrá disponibilidad parcial durante las próximas semanas por asignaciones en otra iniciativa. La novedad sigue abierta al cierre del reporte.,Recursos,Sintético controlado,Media
189,El equipo informó que el equipo funcional tendrá disponibilidad parcial durante las próximas semanas por asignaciones en otra iniciativa. El punto quedó registrado para revisión. El caso fue registrado en el seguimiento semanal.,Recursos,Sintético controlado,Media
190,El equipo informó que la aplicación consume más memoria de la esperada y se reinicia bajo alta carga. La situación fue detectada antes del cierre de la iteración.,Técnico,Sintético controlado,Media
191,El inicio de la siguiente fase deberá moverse una semana porque una actividad previa continúa pendiente. La situación requiere seguimiento.,Cronograma,Sintético controlado,Media
192,El equipo informó que una falla detectada en el servicio de autenticación obligó a repetir pruebas y el cierre de la iteración se desplazará quince días.,Cronograma,Sintético controlado,Alta
193,En la última reunión se reportó que la aplicación consume más memoria de la esperada y se reinicia bajo alta carga. La situación requiere seguimiento. La situación fue detectada antes del cierre de la iteración.,Técnico,Sintético controlado,Media
194,La revisión pendiente ha consumido cuatro días y todavía impide iniciar la actividad sucesora. El punto quedó registrado para revisión.,Cronograma,Sintético controlado,Media
195,El equipo informó que el único líder técnico disponible está atendiendo dos frentes simultáneos y no puede cubrir todas las solicitudes. La situación requiere seguimiento.,Recursos,Sintético controlado,Media
196,El cierre del sprint deberá moverse una semana porque una actividad previa continúa pendiente.,Cronograma,Sintético controlado,Media
197,La compra de componentes adicionales incrementará en 15 millones de pesos el valor total previsto. La situación requiere seguimiento. El caso fue registrado en el seguimiento semanal.,Costo,Sintético controlado,Media
198,El equipo informó que la entrega del ambiente de pruebas fue reprogramada para una fecha posterior a la comprometida.,Cronograma,Sintético controlado,Media
199,"Fue necesario adquirir capacidad adicional para el motor de reglas, generando un desembolso no contemplado. El punto quedó registrado para revisión. La novedad sigue abierta al cierre del reporte.",Costo,Sintético controlado,Media
200,Durante el seguimiento se identificó que la nueva cotización de el equipo de arquitectura supera en 22 % el valor aprobado para el servicio. La situación requiere seguimiento.,Costo,Sintético controlado,Media
201,En la última reunión se reportó que se requieren 24 millones de pesos adicionales para completar la contratación necesaria en esta fase.,Costo,Sintético controlado,Media
202,El equipo informó que dos integrantes fueron trasladados a otra iniciativa y el equipo quedó con menor capacidad para atender las actividades. La novedad sigue abierta al cierre del reporte.,Recursos,Sintético controlado,Media
203,El equipo informó que la dependencia con el equipo de pruebas no se resolvió a tiempo y la siguiente actividad comenzará más tarde. El punto quedó registrado para revisión. El responsable confirmó que se requiere una acción de mitigación.,Cronograma,Sintético controlado,Media
204,En la última reunión se reportó que se detectó una incompatibilidad entre la versión actual del componente y una librería necesaria para la solución. El punto quedó registrado para revisión.,Técnico,Sintético controlado,Media
205,Durante el seguimiento se identificó que no hay una persona con el conocimiento requerido para ejecutar la actividad especializada prevista.,Recursos,Sintético controlado,Media
206,En la revisión de avance se evidenció que el valor acumulado de la implementación ya consume más presupuesto del esperado para el nivel de avance actual.,Costo,Sintético controlado,Media
207,"En la última reunión se reportó que para cubrir la falta de capacidad se evalúa contratar apoyo externo, aunque esto implicaría un gasto adicional. El responsable confirmó que se requiere una acción de mitigación.",Recursos,Sintético controlado,Alta
208,El consumo de infraestructura en la nube quedó por encima de lo estimado y aumentará el gasto mensual. El punto quedó registrado para revisión. La situación fue detectada antes del cierre de la iteración.,Costo,Sintético controlado,Media
209,Durante el seguimiento se identificó que la ausencia del desarrollador frontend dejó sin atender una configuración y podría mover el inicio de la siguiente fase.,Recursos,Sintético controlado,Alta
210,Durante el seguimiento se identificó que dos integrantes fueron trasladados a otra iniciativa y el equipo quedó con menor capacidad para atender las actividades. El punto quedó registrado para revisión. El caso fue registrado en el seguimiento semanal.,Recursos,Sintético controlado,Media
211,En la revisión de avance se evidenció que las pruebas consumieron cuatro días más de lo planeado y será necesario reprogramar el inicio de la siguiente fase. El punto quedó registrado para revisión. El caso fue registrado en el seguimiento semanal.,Cronograma,Sintético controlado,Media
212,La nueva cotización de el área de infraestructura supera en 30 % el valor aprobado para el servicio. La novedad sigue abierta al cierre del reporte.,Costo,Sintético controlado,Media
213,"Fue necesario adquirir capacidad adicional para el servicio de notificaciones, generando un desembolso no contemplado. El punto quedó registrado para revisión.",Costo,Sintético controlado,Media
214,"En la revisión de avance se evidenció que el equipo disponible es reducido, pero el bloqueo actual se origina en errores recurrentes de comunicación entre los sistemas.",Técnico,Sintético controlado,Alta
215,La ausencia temporal de un especialista dejó pendiente una validación y la entrega prevista deberá correrse quince días.,Cronograma,Sintético controlado,Alta
216,La rotación reciente dejó al equipo sin suficiente experiencia sobre el componente de facturación. El punto quedó registrado para revisión.,Recursos,Sintético controlado,Media
217,La dependencia con el líder de frente no se resolvió a tiempo y la siguiente actividad comenzará más tarde.,Cronograma,Sintético controlado,Media
218,En la revisión de avance se evidenció que el módulo de clientes presenta pérdida de conexión en la última revisión semanal. La situación requiere seguimiento.,Técnico,Sintético controlado,Media
219,Durante el seguimiento se identificó que la nueva cotización de el equipo de implementación supera en 25 % el valor aprobado para el servicio. El caso fue registrado en el seguimiento semanal.,Costo,Sintético controlado,Media
220,En la última reunión se reportó que el equipo funcional tendrá disponibilidad parcial durante las próximas semanas por asignaciones en otra iniciativa. La novedad sigue abierta al cierre del reporte.,Recursos,Sintético controlado,Media
221,El salida a producción deberá moverse quince días porque una actividad previa continúa pendiente. El punto quedó registrado para revisión.,Cronograma,Sintético controlado,Media
222,En la revisión de avance se evidenció que el equipo funcional informó que la entrega del componente de facturación tomará cuatro días adicionales.,Cronograma,Sintético controlado,Media
223,Durante el seguimiento se identificó que para evitar afectar la fecha de entrega se contratará capacidad adicional por 30 millones de pesos no presupuestados. El caso fue registrado en el seguimiento semanal.,Costo,Sintético controlado,Alta
224,El módulo de clientes presenta respuestas incompletas en el último ciclo de validación. La situación requiere seguimiento. El caso fue registrado en el seguimiento semanal.,Técnico,Sintético controlado,Media
225,La ausencia del líder técnico dejó sin atender una configuración y podría mover el inicio de pruebas. El responsable confirmó que se requiere una acción de mitigación.,Recursos,Sintético controlado,Alta
226,El pipeline de datos presenta errores de sincronización en el último ciclo de validación. La situación requiere seguimiento.,Técnico,Sintético controlado,Media
227,"En la revisión de avance se evidenció que al ejecutar solicitudes simultáneas, el servicio responde con errores y deja operaciones incompletas. La situación fue detectada antes del cierre de la iteración.",Técnico,Sintético controlado,Media
228,Durante el seguimiento se identificó que la validación con usuarios inició tarde y el cierre de la fase tendrá que desplazarse. La situación fue detectada antes del cierre de la iteración.,Cronograma,Sintético controlado,Media
229,En la última reunión se reportó que el único arquitecto de solución disponible está atendiendo dos frentes simultáneos y no puede cubrir todas las solicitudes. La situación requiere seguimiento. La situación fue detectada antes del cierre de la iteración.,Recursos,Sintético controlado,Media
230,"Una tarea crítica presenta errores, pero el especialista que conoce el componente no estará disponible esta semana. El punto quedó registrado para revisión. El caso fue registrado en el seguimiento semanal.",Recursos,Sintético controlado,Alta
231,En la última reunión se reportó que los reprocesos de esta fase demandaron horas de consultoría que no estaban incluidas en la estimación original. El responsable confirmó que se requiere una acción de mitigación.,Costo,Sintético controlado,Media
232,No hay una persona con el conocimiento requerido para ejecutar la actividad especializada prevista. La situación fue detectada antes del cierre de la iteración.,Recursos,Sintético controlado,Media
233,El proveedor actualizó sus tarifas y el servicio quedará 25 % por encima del monto considerado inicialmente. La situación requiere seguimiento.,Costo,Sintético controlado,Media
234,En la última reunión se reportó que la rotación reciente dejó al equipo sin suficiente experiencia sobre el módulo de clientes.,Recursos,Sintético controlado,Media
235,La rotación reciente dejó al equipo sin suficiente experiencia sobre el motor de reglas.,Recursos,Sintético controlado,Media
236,En la última reunión se reportó que se detectó una incompatibilidad entre la versión actual del componente y una librería necesaria para la solución. El punto quedó registrado para revisión. El caso fue registrado en el seguimiento semanal.,Técnico,Sintético controlado,Media
237,En la última reunión se reportó que el servicio requiere una actualización no planeada que además podría generar un gasto adicional de infraestructura.,Técnico,Sintético controlado,Alta
238,El equipo informó que el equipo funcional tendrá disponibilidad parcial durante las próximas semanas por asignaciones en otra iniciativa. La situación fue detectada antes del cierre de la iteración.,Recursos,Sintético controlado,Media
239,Durante el seguimiento se identificó que el analista funcional asignado al proyecto salió del equipo y todavía no se ha definido su reemplazo. El punto quedó registrado para revisión. El caso fue registrado en el seguimiento semanal.,Recursos,Sintético controlado,Media
240,La revisión pendiente ha consumido ocho días y todavía impide iniciar la actividad sucesora.,Cronograma,Sintético controlado,Media
241,Las pruebas consumieron una semana más de lo planeado y será necesario reprogramar el certificación del módulo. El punto quedó registrado para revisión.,Cronograma,Sintético controlado,Media
242,En la revisión de avance se evidenció que el ambiente de pruebas pierde conexión con la base de datos de forma intermitente. La novedad sigue abierta al cierre del reporte.,Técnico,Sintético controlado,Media
243,El equipo informó que las nuevas exigencias del área usuaria requieren más horas de desarrollo y aumentan el valor estimado en 8 %. El punto quedó registrado para revisión. La novedad sigue abierta al cierre del reporte.,Costo,Sintético controlado,Alta
244,En la última reunión se reportó que el líder técnico asignado al proyecto salió del equipo y todavía no se ha definido su reemplazo. La situación requiere seguimiento.,Recursos,Sintético controlado,Media
245,En la revisión de avance se evidenció que las nuevas exigencias del área usuaria requieren más horas de desarrollo y aumentan el valor estimado en 8 %. La situación fue detectada antes del cierre de la iteración.,Costo,Sintético controlado,Alta
246,Durante el seguimiento se identificó que el equipo funcional tendrá disponibilidad parcial durante las próximas semanas por asignaciones en otra iniciativa. La situación requiere seguimiento. La novedad sigue abierta al cierre del reporte.,Recursos,Sintético controlado,Media
247,El equipo informó que la aprobación requerida para continuar lleva una semana pendiente y bloquea el siguiente hito. El caso fue registrado en el seguimiento semanal.,Cronograma,Sintético controlado,Media
248,El equipo informó que la incorporación del nuevo desarrollador backend requiere entrenamiento antes de asumir las tareas asignadas. El asunto fue escalado para definir el siguiente paso.,Recursos,Sintético controlado,Media
249,La revisión pendiente ha consumido dos días y todavía impide iniciar la actividad sucesora. La situación fue detectada antes del cierre de la iteración.,Cronograma,Sintético controlado,Media
250,Durante el seguimiento se identificó que la incorporación del nuevo ingeniero DevOps requiere entrenamiento antes de asumir las tareas asignadas. El caso fue registrado en el seguimiento semanal.,Recursos,Sintético controlado,Media
251,El equipo funcional informó que la entrega del flujo de onboarding tomará tres días adicionales.,Cronograma,Sintético controlado,Media
252,La ausencia temporal de un especialista dejó pendiente una validación y la entrega prevista deberá correrse tres días.,Cronograma,Sintético controlado,Alta
253,Una incompatibilidad en el motor de reglas obliga a adquirir una licencia adicional por 15 millones de pesos. El caso fue registrado en el seguimiento semanal.,Costo,Sintético controlado,Alta
254,Se detectó una incompatibilidad entre la versión actual del componente y una librería necesaria para la solución. El punto quedó registrado para revisión.,Técnico,Sintético controlado,Media
255,Durante el seguimiento se identificó que la ausencia temporal de un especialista dejó pendiente una validación y la entrega prevista deberá correrse quince días.,Cronograma,Sintético controlado,Alta
256,El valor acumulado de la implementación ya consume más presupuesto del esperado para el nivel de avance actual. La novedad sigue abierta al cierre del reporte.,Costo,Sintético controlado,Media
257,El equipo informó que la salida de un especialista exige contratar soporte externo y eleva el gasto previsto en 22 %.,Costo,Sintético controlado,Alta
258,El despliegue más reciente provocó un comportamiento inesperado en el componente de facturación. La situación requiere seguimiento.,Técnico,Sintético controlado,Media
259,El equipo informó que el avance de la iteración está por debajo de lo previsto y varias tareas pasarán al siguiente ciclo.,Cronograma,Sintético controlado,Media
260,Durante el seguimiento se identificó que la aplicación consume más memoria de la esperada y se reinicia bajo alta carga.,Técnico,Sintético controlado,Media
261,En la última reunión se reportó que la carga de trabajo actual supera la disponibilidad del equipo durante esta iteración. La situación requiere seguimiento.,Recursos,Sintético controlado,Media
262,El equipo informó que para evitar afectar la fecha de entrega se contratará capacidad adicional por 8 millones de pesos no presupuestados.,Costo,Sintético controlado,Alta
263,Dos integrantes fueron trasladados a otra iniciativa y el equipo quedó con menor capacidad para atender las actividades. El caso fue registrado en el seguimiento semanal.,Recursos,Sintético controlado,Media
264,La salida de un especialista exige contratar soporte externo y eleva el gasto previsto en 12 %. La situación requiere seguimiento.,Costo,Sintético controlado,Alta
265,En la revisión de avance se evidenció que la aprobación requerida para continuar lleva tres días pendiente y bloquea el siguiente hito. La situación requiere seguimiento. El asunto fue escalado para definir el siguiente paso.,Cronograma,Sintético controlado,Media
266,En la última reunión se reportó que la incorporación del nuevo arquitecto de solución requiere entrenamiento antes de asumir las tareas asignadas.,Recursos,Sintético controlado,Media
267,El ambiente de pruebas pierde conexión con la base de datos de forma intermitente. La situación requiere seguimiento.,Técnico,Sintético controlado,Media
268,Durante el seguimiento se identificó que la compra de componentes adicionales incrementará en 30 millones de pesos el valor total previsto. La situación requiere seguimiento.,Costo,Sintético controlado,Media
269,"Durante el seguimiento se identificó que fue necesario adquirir capacidad adicional para el pipeline de datos, generando un desembolso no contemplado. El asunto fue escalado para definir el siguiente paso.",Costo,Sintético controlado,Media
270,La incorporación del nuevo ingeniero de datos requiere entrenamiento antes de asumir las tareas asignadas. El punto quedó registrado para revisión. El responsable confirmó que se requiere una acción de mitigación.,Recursos,Sintético controlado,Media
271,En la revisión de avance se evidenció que la rotación reciente dejó al equipo sin suficiente experiencia sobre el módulo de clientes. El punto quedó registrado para revisión. El caso fue registrado en el seguimiento semanal.,Recursos,Sintético controlado,Media
272,La entrega del integración con SAP fue reprogramada para una fecha posterior a la comprometida.,Cronograma,Sintético controlado,Media
273,"Una tarea crítica presenta errores, pero el especialista que conoce el componente no estará disponible esta semana. El punto quedó registrado para revisión.",Recursos,Sintético controlado,Alta
274,En la última reunión se reportó que la dependencia con el líder de frente no se resolvió a tiempo y la siguiente actividad comenzará más tarde. La situación fue detectada antes del cierre de la iteración.,Cronograma,Sintético controlado,Media
275,El mecanismo de autenticación rechaza solicitudes válidas en algunos escenarios de prueba.,Técnico,Sintético controlado,Media
276,La actividad de configuración no terminó en la fecha prevista y desplazará el entrega del incremento. La novedad sigue abierta al cierre del reporte.,Cronograma,Sintético controlado,Media
277,En la revisión de avance se evidenció que el equipo de pruebas no cuenta con suficientes analistas para cubrir todos los escenarios definidos. El asunto fue escalado para definir el siguiente paso.,Recursos,Sintético controlado,Media
278,Las horas adicionales de consultoría agotaron la reserva económica prevista para esta etapa. El punto quedó registrado para revisión. El asunto fue escalado para definir el siguiente paso.,Costo,Sintético controlado,Media
279,En la última reunión se reportó que la integración entre sistemas no está enviando correctamente todos los campos requeridos por el destino. El responsable confirmó que se requiere una acción de mitigación.,Técnico,Sintético controlado,Media
280,En la revisión de avance se evidenció que la nueva cotización de el proveedor de nube supera en 18 % el valor aprobado para el servicio. La situación requiere seguimiento.,Costo,Sintético controlado,Media
281,Durante el seguimiento se identificó que la entrega del módulo de clientes fue reprogramada para una fecha posterior a la comprometida.,Cronograma,Sintético controlado,Media
282,El equipo informó que la compra de componentes adicionales incrementará en 30 millones de pesos el valor total previsto. El punto quedó registrado para revisión.,Costo,Sintético controlado,Media
283,La actividad de configuración no terminó en la fecha prevista y desplazará el certificación del módulo.,Cronograma,Sintético controlado,Media
284,Se presentó una vacante inesperada en el equipo y varias responsabilidades quedaron sin responsable directo. El responsable confirmó que se requiere una acción de mitigación.,Recursos,Sintético controlado,Media
285,La actividad de configuración no terminó en la fecha prevista y desplazará el despliegue productivo.,Cronograma,Sintético controlado,Media
286,En la última reunión se reportó que el equipo de pruebas no cuenta con suficientes analistas para cubrir todos los escenarios definidos.,Recursos,Sintético controlado,Media
287,Durante el seguimiento se identificó que las horas adicionales de consultoría agotaron la reserva económica prevista para esta etapa.,Costo,Sintético controlado,Media
288,Durante el seguimiento se identificó que la dependencia con el equipo de desarrollo no se resolvió a tiempo y la siguiente actividad comenzará más tarde.,Cronograma,Sintético controlado,Media
289,En la última reunión se reportó que una falla detectada en el integración con SAP obligó a repetir pruebas y el inicio de la siguiente fase se desplazará dos semanas.,Cronograma,Sintético controlado,Alta
290,El despliegue más reciente provocó un comportamiento inesperado en el portal transaccional. La situación requiere seguimiento. El caso fue registrado en el seguimiento semanal.,Técnico,Sintético controlado,Media
291,Se requieren 15 millones de pesos adicionales para completar la contratación necesaria en esta fase. La situación requiere seguimiento. El caso fue registrado en el seguimiento semanal.,Costo,Sintético controlado,Media
292,La entrega del ambiente de pruebas fue reprogramada para una fecha posterior a la comprometida.,Cronograma,Sintético controlado,Media
293,Se requirió ampliar la capacidad del ambiente antes de continuar; esta espera mueve el validación con usuarios al siguiente periodo.,Cronograma,Sintético controlado,Alta
294,En la revisión de avance se evidenció que el único analista funcional disponible está atendiendo dos frentes simultáneos y no puede cubrir todas las solicitudes. La novedad sigue abierta al cierre del reporte.,Recursos,Sintético controlado,Media
295,El equipo informó que la rotación reciente dejó al equipo sin suficiente experiencia sobre el módulo de pagos.,Recursos,Sintético controlado,Media
296,"Fue necesario adquirir capacidad adicional para el flujo de onboarding, generando un desembolso no contemplado. El caso fue registrado en el seguimiento semanal.",Costo,Sintético controlado,Media
297,En la última reunión se reportó que el certificación del módulo deberá moverse cuatro días porque una actividad previa continúa pendiente. El responsable confirmó que se requiere una acción de mitigación.,Cronograma,Sintético controlado,Media
298,Durante el seguimiento se identificó que el despliegue más reciente provocó un comportamiento inesperado en el flujo de onboarding.,Técnico,Sintético controlado,Media
299,La incorporación del nuevo analista funcional requiere entrenamiento antes de asumir las tareas asignadas. La situación requiere seguimiento. La novedad sigue abierta al cierre del reporte.,Recursos,Sintético controlado,Media
300,En la revisión de avance se evidenció que el mecanismo de autenticación rechaza solicitudes válidas en algunos escenarios de prueba.,Técnico,Sintético controlado,Media
301,Las pruebas consumieron ocho días más de lo planeado y será necesario reprogramar el aprobación funcional.,Cronograma,Sintético controlado,Media
302,En la última reunión se reportó que el único líder técnico disponible está atendiendo dos frentes simultáneos y no puede cubrir todas las solicitudes. El caso fue registrado en el seguimiento semanal.,Recursos,Sintético controlado,Media
303,La salida de un especialista exige contratar soporte externo y eleva el gasto previsto en 30 %. La situación requiere seguimiento.,Costo,Sintético controlado,Alta
304,El equipo informó que una incompatibilidad en el portal transaccional obliga a adquirir una licencia adicional por 24 millones de pesos.,Costo,Sintético controlado,Alta
305,El equipo informó que la integración entre sistemas no está enviando correctamente todos los campos requeridos por el destino. El punto quedó registrado para revisión.,Técnico,Sintético controlado,Media
306,Durante el seguimiento se identificó que dos integrantes fueron trasladados a otra iniciativa y el equipo quedó con menor capacidad para atender las actividades. La situación requiere seguimiento.,Recursos,Sintético controlado,Media
307,Durante el seguimiento se identificó que el despliegue más reciente provocó un comportamiento inesperado en el flujo de onboarding. El punto quedó registrado para revisión. El asunto fue escalado para definir el siguiente paso.,Técnico,Sintético controlado,Media
308,En la revisión de avance se evidenció que la validación con usuarios inició tarde y el cierre de la fase tendrá que desplazarse. El punto quedó registrado para revisión.,Cronograma,Sintético controlado,Media
309,La revisión pendiente ha consumido dos semanas y todavía impide iniciar la actividad sucesora. La situación requiere seguimiento.,Cronograma,Sintético controlado,Media
310,En la revisión de avance se evidenció que el valor acumulado de la implementación ya consume más presupuesto del esperado para el nivel de avance actual. El punto quedó registrado para revisión.,Costo,Sintético controlado,Media
311,En la última reunión se reportó que se requieren 8 millones de pesos adicionales para completar la contratación necesaria en esta fase.,Costo,Sintético controlado,Media
312,El equipo informó que la compra de componentes adicionales incrementará en 6 millones de pesos el valor total previsto. El punto quedó registrado para revisión. El caso fue registrado en el seguimiento semanal.,Costo,Sintético controlado,Media
313,En la última reunión se reportó que el único arquitecto de solución disponible está atendiendo dos frentes simultáneos y no puede cubrir todas las solicitudes.,Recursos,Sintético controlado,Media
314,Se requirió ampliar la capacidad del ambiente antes de continuar; esta espera mueve el cierre de la iteración al siguiente periodo. La situación requiere seguimiento.,Cronograma,Sintético controlado,Alta
315,En la revisión de avance se evidenció que se requirió ampliar la capacidad del ambiente antes de continuar; esta espera mueve el validación con usuarios al siguiente periodo. El punto quedó registrado para revisión.,Cronograma,Sintético controlado,Alta
316,Los registros procesados por el pipeline presentan valores inconsistentes frente a la fuente original. El punto quedó registrado para revisión. La situación fue detectada antes del cierre de la iteración.,Técnico,Sintético controlado,Media
317,El equipo informó que el equipo de pruebas no cuenta con suficientes analistas para cubrir todos los escenarios definidos. La situación requiere seguimiento.,Recursos,Sintético controlado,Media
318,La compra de componentes adicionales incrementará en 12 millones de pesos el valor total previsto. La situación requiere seguimiento.,Costo,Sintético controlado,Media
319,Durante el seguimiento se identificó que la dependencia con el equipo de implementación no se resolvió a tiempo y la siguiente actividad comenzará más tarde. La situación requiere seguimiento.,Cronograma,Sintético controlado,Media
320,En la última reunión se reportó que la incorporación del nuevo ingeniero DevOps requiere entrenamiento antes de asumir las tareas asignadas. El punto quedó registrado para revisión. El caso fue registrado en el seguimiento semanal.,Recursos,Sintético controlado,Media
321,"El equipo informó que fue necesario adquirir capacidad adicional para el servicio de notificaciones, generando un desembolso no contemplado.",Costo,Sintético controlado,Media
322,La incorporación del nuevo ingeniero de datos requiere entrenamiento antes de asumir las tareas asignadas.,Recursos,Sintético controlado,Media
323,El proveedor actualizó sus tarifas y el servicio quedará 8 % por encima del monto considerado inicialmente. La situación fue detectada antes del cierre de la iteración.,Costo,Sintético controlado,Media
324,Se presentó una vacante inesperada en el equipo y varias responsabilidades quedaron sin responsable directo. La situación requiere seguimiento. El caso fue registrado en el seguimiento semanal.,Recursos,Sintético controlado,Media
325,Durante el seguimiento se identificó que se presentó una vacante inesperada en el equipo y varias responsabilidades quedaron sin responsable directo. El caso fue registrado en el seguimiento semanal.,Recursos,Sintético controlado,Media
326,El equipo informó que la actividad de configuración no terminó en la fecha prevista y desplazará el inicio de pruebas.,Cronograma,Sintético controlado,Media
327,Una falla detectada en el servicio de notificaciones obligó a repetir pruebas y el cierre de la iteración se desplazará quince días.,Cronograma,Sintético controlado,Alta
328,El único analista de pruebas disponible está atendiendo dos frentes simultáneos y no puede cubrir todas las solicitudes. El responsable confirmó que se requiere una acción de mitigación.,Recursos,Sintético controlado,Media
329,El equipo informó que el despliegue más reciente provocó un comportamiento inesperado en el servicio de notificaciones. La situación requiere seguimiento. El asunto fue escalado para definir el siguiente paso.,Técnico,Sintético controlado,Media
330,La nueva cotización de el proveedor de nube supera en 20 % el valor aprobado para el servicio. El asunto fue escalado para definir el siguiente paso.,Costo,Sintético controlado,Media
331,En la revisión de avance se evidenció que la nueva cotización de el equipo de desarrollo supera en 25 % el valor aprobado para el servicio.,Costo,Sintético controlado,Media
332,El proceso de sincronización falla cuando el volumen de transacciones supera el límite configurado.,Técnico,Sintético controlado,Media
333,El componente de facturación presenta duplicación de registros al aumentar el volumen de transacciones.,Técnico,Sintético controlado,Media
334,La renovación de licencias requiere 42 millones de pesos más frente a la estimación inicial. La situación requiere seguimiento. El caso fue registrado en el seguimiento semanal.,Costo,Sintético controlado,Media
335,En la revisión de avance se evidenció que la carga de trabajo actual supera la disponibilidad del equipo durante esta iteración. La situación requiere seguimiento. El responsable confirmó que se requiere una acción de mitigación.,Recursos,Sintético controlado,Media
336,En la revisión de avance se evidenció que se requieren 15 millones de pesos adicionales para completar la contratación necesaria en esta fase.,Costo,Sintético controlado,Media
337,En la revisión de avance se evidenció que se presentó una vacante inesperada en el equipo y varias responsabilidades quedaron sin responsable directo.,Recursos,Sintético controlado,Media
338,Durante el seguimiento se identificó que se requieren 42 millones de pesos adicionales para completar la contratación necesaria en esta fase. El responsable confirmó que se requiere una acción de mitigación.,Costo,Sintético controlado,Media
339,El equipo informó que los registros procesados por el pipeline presentan valores inconsistentes frente a la fuente original. La novedad sigue abierta al cierre del reporte.,Técnico,Sintético controlado,Media
340,En la última reunión se reportó que la dependencia con el equipo de datos no se resolvió a tiempo y la siguiente actividad comenzará más tarde. La situación requiere seguimiento.,Cronograma,Sintético controlado,Media
341,El equipo informó que no hay una persona con el conocimiento requerido para ejecutar la actividad especializada prevista. El asunto fue escalado para definir el siguiente paso.,Recursos,Sintético controlado,Media
342,"El equipo informó que al ejecutar solicitudes simultáneas, el servicio responde con errores y deja operaciones incompletas. El punto quedó registrado para revisión.",Técnico,Sintético controlado,Media
343,En la última reunión se reportó que los reprocesos de esta fase demandaron horas de consultoría que no estaban incluidas en la estimación original. La situación requiere seguimiento. La situación fue detectada antes del cierre de la iteración.,Costo,Sintético controlado,Media
344,Durante el seguimiento se identificó que el área de infraestructura informó que la entrega del motor de reglas tomará quince días adicionales.,Cronograma,Sintético controlado,Media
345,Las horas adicionales de consultoría agotaron la reserva económica prevista para esta etapa.,Costo,Sintético controlado,Media
346,El equipo informó que el consumo de infraestructura en la nube quedó por encima de lo estimado y aumentará el gasto mensual.,Costo,Sintético controlado,Media
347,El equipo informó que se requieren 6 millones de pesos adicionales para completar la contratación necesaria en esta fase. La situación fue detectada antes del cierre de la iteración.,Costo,Sintético controlado,Media
348,La integración entre sistemas no está enviando correctamente todos los campos requeridos por el destino. El punto quedó registrado para revisión.,Técnico,Sintético controlado,Media
349,En la revisión de avance se evidenció que la entrega del ambiente de pruebas fue reprogramada para una fecha posterior a la comprometida.,Cronograma,Sintético controlado,Media
350,En la revisión de avance se evidenció que el proveedor actualizó sus tarifas y el servicio quedará 25 % por encima del monto considerado inicialmente. La situación requiere seguimiento.,Costo,Sintético controlado,Media
351,No hay una persona con el conocimiento requerido para ejecutar la actividad especializada prevista. La situación requiere seguimiento.,Recursos,Sintético controlado,Media
352,En la última reunión se reportó que el proveedor actualizó sus tarifas y el servicio quedará 25 % por encima del monto considerado inicialmente. El punto quedó registrado para revisión. La novedad sigue abierta al cierre del reporte.,Costo,Sintético controlado,Media
353,Los registros procesados por el pipeline presentan valores inconsistentes frente a la fuente original. La situación requiere seguimiento.,Técnico,Sintético controlado,Media
354,Las pruebas consumieron diez días más de lo planeado y será necesario reprogramar el despliegue productivo.,Cronograma,Sintético controlado,Media
355,El equipo informó que el aprobación funcional deberá moverse diez días porque una actividad previa continúa pendiente. El punto quedó registrado para revisión.,Cronograma,Sintético controlado,Media
356,El equipo informó que el mecanismo de autenticación rechaza solicitudes válidas en algunos escenarios de prueba. El asunto fue escalado para definir el siguiente paso.,Técnico,Sintético controlado,Media
357,En la última reunión se reportó que el avance de la iteración está por debajo de lo previsto y varias tareas pasarán al siguiente ciclo. El punto quedó registrado para revisión.,Cronograma,Sintético controlado,Media
358,En la revisión de avance se evidenció que el módulo de pagos presenta errores intermitentes en el último ciclo de validación. La situación requiere seguimiento. El responsable confirmó que se requiere una acción de mitigación.,Técnico,Sintético controlado,Media
359,En la revisión de avance se evidenció que la carga de trabajo actual supera la disponibilidad del equipo durante esta iteración. La situación fue detectada antes del cierre de la iteración.,Recursos,Sintético controlado,Media
360,El mecanismo de autenticación rechaza solicitudes válidas en algunos escenarios de prueba. La situación fue detectada antes del cierre de la iteración.,Técnico,Sintético controlado,Media
361,La nueva cotización de el equipo de implementación supera en 20 % el valor aprobado para el servicio.,Costo,Sintético controlado,Media
362,Durante el seguimiento se identificó que la carga de trabajo actual supera la disponibilidad del equipo durante esta iteración. El punto quedó registrado para revisión.,Recursos,Sintético controlado,Media
363,El proceso de sincronización falla cuando el volumen de transacciones supera el límite configurado. El punto quedó registrado para revisión. La situación fue detectada antes del cierre de la iteración.,Técnico,Sintético controlado,Media
364,La aprobación requerida para continuar lleva una semana pendiente y bloquea el siguiente hito.,Cronograma,Sintético controlado,Media
365,"Durante el seguimiento se identificó que al ejecutar solicitudes simultáneas, el servicio responde con errores y deja operaciones incompletas.",Técnico,Sintético controlado,Media
366,En la revisión de avance se evidenció que la nueva cotización de el equipo de pruebas supera en 12 % el valor aprobado para el servicio. El punto quedó registrado para revisión.,Costo,Sintético controlado,Media
367,En la revisión de avance se evidenció que el proceso de sincronización falla cuando el volumen de transacciones supera el límite configurado. La situación requiere seguimiento.,Técnico,Sintético controlado,Media
368,En la última reunión se reportó que la actividad de configuración no terminó en la fecha prevista y desplazará el aprobación funcional. El punto quedó registrado para revisión. El responsable confirmó que se requiere una acción de mitigación.,Cronograma,Sintético controlado,Media
369,"En la revisión de avance se evidenció que para cubrir la falta de capacidad se evalúa contratar apoyo externo, aunque esto implicaría un gasto adicional. La situación requiere seguimiento.",Recursos,Sintético controlado,Alta
370,En la última reunión se reportó que se requieren 12 millones de pesos adicionales para completar la contratación necesaria en esta fase. La situación requiere seguimiento.,Costo,Sintético controlado,Media
371,Durante el seguimiento se identificó que el aprobación funcional deberá moverse diez días porque una actividad previa continúa pendiente.,Cronograma,Sintético controlado,Media
372,El único analista de pruebas disponible está atendiendo dos frentes simultáneos y no puede cubrir todas las solicitudes.,Recursos,Sintético controlado,Media
373,Durante el seguimiento se identificó que las pruebas consumieron una semana más de lo planeado y será necesario reprogramar el validación con usuarios.,Cronograma,Sintético controlado,Media
374,La compra de componentes adicionales incrementará en 12 millones de pesos el valor total previsto. El punto quedó registrado para revisión.,Costo,Sintético controlado,Media
375,En la revisión de avance se evidenció que el proceso de sincronización falla cuando el volumen de transacciones supera el límite configurado. El caso fue registrado en el seguimiento semanal.,Técnico,Sintético controlado,Media
376,Se requieren 24 millones de pesos adicionales para completar la contratación necesaria en esta fase.,Costo,Sintético controlado,Media
377,En la revisión de avance se evidenció que la compra de componentes adicionales incrementará en 18 millones de pesos el valor total previsto. El punto quedó registrado para revisión.,Costo,Sintético controlado,Media
378,Las horas adicionales de consultoría agotaron la reserva económica prevista para esta etapa. La situación requiere seguimiento. El caso fue registrado en el seguimiento semanal.,Costo,Sintético controlado,Media
379,El equipo informó que la compra de componentes adicionales incrementará en 18 millones de pesos el valor total previsto. La situación requiere seguimiento.,Costo,Sintético controlado,Media
380,La aplicación consume más memoria de la esperada y se reinicia bajo alta carga. La situación requiere seguimiento. El asunto fue escalado para definir el siguiente paso.,Técnico,Sintético controlado,Media
381,El equipo no alcanzó a completar las pruebas porque parte de sus integrantes fue reasignada a una atención prioritaria. La situación requiere seguimiento. El caso fue registrado en el seguimiento semanal.,Recursos,Sintético controlado,Alta
382,En la última reunión se reportó que el valor acumulado de la implementación ya consume más presupuesto del esperado para el nivel de avance actual.,Costo,Sintético controlado,Media
383,En la revisión de avance se evidenció que la nueva cotización de el líder de frente supera en 30 % el valor aprobado para el servicio.,Costo,Sintético controlado,Media
384,Las pruebas consumieron quince días más de lo planeado y será necesario reprogramar el entrega del incremento.,Cronograma,Sintético controlado,Media
385,En la revisión de avance se evidenció que la revisión pendiente ha consumido dos días y todavía impide iniciar la actividad sucesora. La situación requiere seguimiento. El responsable confirmó que se requiere una acción de mitigación.,Cronograma,Sintético controlado,Media
386,Durante el seguimiento se identificó que el despliegue más reciente provocó un comportamiento inesperado en el portal transaccional.,Técnico,Sintético controlado,Media
387,Durante el seguimiento se identificó que el proveedor actualizó sus tarifas y el servicio quedará 15 % por encima del monto considerado inicialmente. La situación requiere seguimiento.,Costo,Sintético controlado,Media
388,La incorporación del nuevo desarrollador frontend requiere entrenamiento antes de asumir las tareas asignadas.,Recursos,Sintético controlado,Media
389,"Fue necesario adquirir capacidad adicional para el motor de reglas, generando un desembolso no contemplado.",Costo,Sintético controlado,Media
390,En la revisión de avance se evidenció que la renovación de licencias requiere 18 millones de pesos más frente a la estimación inicial. La situación requiere seguimiento.,Costo,Sintético controlado,Media
391,Durante el seguimiento se identificó que la actividad de configuración no terminó en la fecha prevista y desplazará el salida a producción. La novedad sigue abierta al cierre del reporte.,Cronograma,Sintético controlado,Media
392,Las horas adicionales de consultoría agotaron la reserva económica prevista para esta etapa. La situación requiere seguimiento. El asunto fue escalado para definir el siguiente paso.,Costo,Sintético controlado,Media
393,En la última reunión se reportó que una falla detectada en el portal transaccional obligó a repetir pruebas y el cierre del sprint se desplazará cuatro días. La situación fue detectada antes del cierre de la iteración.,Cronograma,Sintético controlado,Alta
394,La entrega del motor de reglas fue reprogramada para una fecha posterior a la comprometida. La situación requiere seguimiento. El responsable confirmó que se requiere una acción de mitigación.,Cronograma,Sintético controlado,Media
395,Las pruebas consumieron ocho días más de lo planeado y será necesario reprogramar el salida a producción. La novedad sigue abierta al cierre del reporte.,Cronograma,Sintético controlado,Media
396,La actividad de configuración no terminó en la fecha prevista y desplazará el aprobación funcional.,Cronograma,Sintético controlado,Media
397,El equipo no alcanzó a completar las pruebas porque parte de sus integrantes fue reasignada a una atención prioritaria.,Recursos,Sintético controlado,Alta
398,El despliegue más reciente provocó un comportamiento inesperado en el servicio de notificaciones. La situación requiere seguimiento. El asunto fue escalado para definir el siguiente paso.,Técnico,Sintético controlado,Media
399,Durante el seguimiento se identificó que la actividad de configuración no terminó en la fecha prevista y desplazará el despliegue productivo.,Cronograma,Sintético controlado,Media
400,Una incompatibilidad en el motor de reglas obliga a adquirir una licencia adicional por 15 millones de pesos. La situación requiere seguimiento.,Costo,Sintético controlado,Alta
401,En la última reunión se reportó que el despliegue más reciente provocó un comportamiento inesperado en el servicio de autenticación. El punto quedó registrado para revisión. La novedad sigue abierta al cierre del reporte.,Técnico,Sintético controlado,Media
402,La ausencia del desarrollador backend dejó sin atender una configuración y podría mover el despliegue productivo. La situación fue detectada antes del cierre de la iteración.,Recursos,Sintético controlado,Alta
403,Se requieren 12 millones de pesos adicionales para completar la contratación necesaria en esta fase. El punto quedó registrado para revisión. El caso fue registrado en el seguimiento semanal.,Costo,Sintético controlado,Media
404,"En la revisión de avance se evidenció que el proveedor pidió un ajuste adicional antes de entregar el componente, por lo que la fecha comprometida ya no podrá mantenerse. El punto quedó registrado para revisión. El responsable confirmó que se requiere una acción de mitigación.",Cronograma,Sintético controlado,Alta
405,En la última reunión se reportó que para evitar afectar la fecha de entrega se contratará capacidad adicional por 12 millones de pesos no presupuestados.,Costo,Sintético controlado,Alta
406,El equipo informó que el único administrador de base de datos disponible está atendiendo dos frentes simultáneos y no puede cubrir todas las solicitudes. El caso fue registrado en el seguimiento semanal.,Recursos,Sintético controlado,Media
407,Las nuevas exigencias del área usuaria requieren más horas de desarrollo y aumentan el valor estimado en 22 %.,Costo,Sintético controlado,Alta
408,Las pruebas consumieron diez días más de lo planeado y será necesario reprogramar el aprobación funcional. El punto quedó registrado para revisión.,Cronograma,Sintético controlado,Media
409,La incorporación del nuevo arquitecto de solución requiere entrenamiento antes de asumir las tareas asignadas.,Recursos,Sintético controlado,Media
410,En la última reunión se reportó que el mecanismo de autenticación rechaza solicitudes válidas en algunos escenarios de prueba. La situación fue detectada antes del cierre de la iteración.,Técnico,Sintético controlado,Media
411,Una falla del portal transaccional está obligando a repetir pruebas y podría afectar la fecha prevista de cierre. El punto quedó registrado para revisión.,Técnico,Sintético controlado,Alta
412,La incorporación del nuevo administrador de base de datos requiere entrenamiento antes de asumir las tareas asignadas.,Recursos,Sintético controlado,Media
413,En la revisión de avance se evidenció que el equipo funcional tendrá disponibilidad parcial durante las próximas semanas por asignaciones en otra iniciativa. El punto quedó registrado para revisión.,Recursos,Sintético controlado,Media
414,Se presentó una vacante inesperada en el equipo y varias responsabilidades quedaron sin responsable directo. La situación requiere seguimiento.,Recursos,Sintético controlado,Media
415,Durante el seguimiento se identificó que el mecanismo de autenticación rechaza solicitudes válidas en algunos escenarios de prueba. El caso fue registrado en el seguimiento semanal.,Técnico,Sintético controlado,Media
416,El equipo informó que el único analista funcional disponible está atendiendo dos frentes simultáneos y no puede cubrir todas las solicitudes. La situación requiere seguimiento. La situación fue detectada antes del cierre de la iteración.,Recursos,Sintético controlado,Media
417,Durante el seguimiento se identificó que la validación con usuarios inició tarde y el cierre de la fase tendrá que desplazarse. La situación requiere seguimiento. El responsable confirmó que se requiere una acción de mitigación.,Cronograma,Sintético controlado,Media
418,"En la revisión de avance se evidenció que al ejecutar solicitudes simultáneas, el servicio responde con errores y deja operaciones incompletas. El caso fue registrado en el seguimiento semanal.",Técnico,Sintético controlado,Media
419,"El equipo informó que el equipo disponible es reducido, pero el bloqueo actual se origina en errores recurrentes de comunicación entre los sistemas. El responsable confirmó que se requiere una acción de mitigación.",Técnico,Sintético controlado,Alta
420,En la última reunión se reportó que la actividad de configuración no terminó en la fecha prevista y desplazará el salida a producción.,Cronograma,Sintético controlado,Media
421,Las pruebas consumieron dos semanas más de lo planeado y será necesario reprogramar el aprobación funcional.,Cronograma,Sintético controlado,Media
422,La incorporación del nuevo ingeniero DevOps requiere entrenamiento antes de asumir las tareas asignadas. El caso fue registrado en el seguimiento semanal.,Recursos,Sintético controlado,Media
423,Durante el seguimiento se identificó que el líder de frente informó que la entrega del módulo de clientes tomará diez días adicionales. La situación requiere seguimiento. La situación fue detectada antes del cierre de la iteración.,Cronograma,Sintético controlado,Media
424,La dependencia con el equipo de datos no se resolvió a tiempo y la siguiente actividad comenzará más tarde. La novedad sigue abierta al cierre del reporte.,Cronograma,Sintético controlado,Media
425,La validación no puede continuar porque el componente devuelve información inconsistente después del último despliegue. El punto quedó registrado para revisión. El responsable confirmó que se requiere una acción de mitigación.,Técnico,Sintético controlado,Alta
426,"En la revisión de avance se evidenció que el equipo disponible es reducido, pero el bloqueo actual se origina en errores recurrentes de comunicación entre los sistemas. El punto quedó registrado para revisión.",Técnico,Sintético controlado,Alta
427,En la revisión de avance se evidenció que las pruebas consumieron quince días más de lo planeado y será necesario reprogramar el inicio de la siguiente fase. El punto quedó registrado para revisión. La novedad sigue abierta al cierre del reporte.,Cronograma,Sintético controlado,Media
428,En la revisión de avance se evidenció que para evitar afectar la fecha de entrega se contratará capacidad adicional por 6 millones de pesos no presupuestados. La situación requiere seguimiento. El caso fue registrado en el seguimiento semanal.,Costo,Sintético controlado,Alta
429,Dos integrantes fueron trasladados a otra iniciativa y el equipo quedó con menor capacidad para atender las actividades. La situación fue detectada antes del cierre de la iteración.,Recursos,Sintético controlado,Media
430,En la revisión de avance se evidenció que se presentó una vacante inesperada en el equipo y varias responsabilidades quedaron sin responsable directo. El punto quedó registrado para revisión. La situación fue detectada antes del cierre de la iteración.,Recursos,Sintético controlado,Media
431,El equipo informó que una nueva revisión de seguridad agregó actividades no previstas y el cierre del sprint quedará para la siguiente semana.,Cronograma,Sintético controlado,Alta
432,"Durante el seguimiento se identificó que el equipo disponible es reducido, pero el bloqueo actual se origina en errores recurrentes de comunicación entre los sistemas.",Técnico,Sintético controlado,Alta
433,"El proveedor pidió un ajuste adicional antes de entregar el componente, por lo que la fecha comprometida ya no podrá mantenerse.",Cronograma,Sintético controlado,Alta
434,El equipo informó que la entrega del portal transaccional fue reprogramada para una fecha posterior a la comprometida.,Cronograma,Sintético controlado,Media
435,El equipo informó que la nueva cotización de el equipo de desarrollo supera en 22 % el valor aprobado para el servicio.,Costo,Sintético controlado,Media
436,El proveedor actualizó sus tarifas y el servicio quedará 30 % por encima del monto considerado inicialmente.,Costo,Sintético controlado,Media
437,El servicio requiere una actualización no planeada que además podría generar un gasto adicional de infraestructura. El punto quedó registrado para revisión. El asunto fue escalado para definir el siguiente paso.,Técnico,Sintético controlado,Alta
438,La entrega del módulo de clientes fue reprogramada para una fecha posterior a la comprometida. La situación requiere seguimiento.,Cronograma,Sintético controlado,Media
439,El mecanismo de autenticación rechaza solicitudes válidas en algunos escenarios de prueba. El punto quedó registrado para revisión. El responsable confirmó que se requiere una acción de mitigación.,Técnico,Sintético controlado,Media
440,En la revisión de avance se evidenció que la dependencia con el tercero de integración no se resolvió a tiempo y la siguiente actividad comenzará más tarde. La situación requiere seguimiento.,Cronograma,Sintético controlado,Media
441,El servicio requiere una actualización no planeada que además podría generar un gasto adicional de infraestructura. El asunto fue escalado para definir el siguiente paso.,Técnico,Sintético controlado,Alta
442,La compra de componentes adicionales incrementará en 8 millones de pesos el valor total previsto. La situación requiere seguimiento.,Costo,Sintético controlado,Media
443,En la revisión de avance se evidenció que el mecanismo de autenticación rechaza solicitudes válidas en algunos escenarios de prueba. El responsable confirmó que se requiere una acción de mitigación.,Técnico,Sintético controlado,Media
444,El proceso de sincronización falla cuando el volumen de transacciones supera el límite configurado. El punto quedó registrado para revisión. La novedad sigue abierta al cierre del reporte.,Técnico,Sintético controlado,Media
445,El equipo informó que la nueva cotización de el equipo de pruebas supera en 15 % el valor aprobado para el servicio. El punto quedó registrado para revisión. La situación fue detectada antes del cierre de la iteración.,Costo,Sintético controlado,Media
446,El validación con usuarios deberá moverse ocho días porque una actividad previa continúa pendiente. La novedad sigue abierta al cierre del reporte.,Cronograma,Sintético controlado,Media
447,El equipo informó que el ambiente de pruebas pierde conexión con la base de datos de forma intermitente. El punto quedó registrado para revisión.,Técnico,Sintético controlado,Media
448,Durante el seguimiento se identificó que la incorporación del nuevo ingeniero DevOps requiere entrenamiento antes de asumir las tareas asignadas. La situación requiere seguimiento.,Recursos,Sintético controlado,Media
449,En la última reunión se reportó que el valor acumulado de la implementación ya consume más presupuesto del esperado para el nivel de avance actual. La situación requiere seguimiento.,Costo,Sintético controlado,Media
450,El mecanismo de autenticación rechaza solicitudes válidas en algunos escenarios de prueba. El punto quedó registrado para revisión.,Técnico,Sintético controlado,Media
451,"Durante el seguimiento se identificó que fue necesario adquirir capacidad adicional para el API de consulta, generando un desembolso no contemplado.",Costo,Sintético controlado,Media
452,En la última reunión se reportó que la rotación reciente dejó al equipo sin suficiente experiencia sobre el servicio de autenticación.,Recursos,Sintético controlado,Media
453,En la última reunión se reportó que una incompatibilidad en el módulo de pagos obliga a adquirir una licencia adicional por 24 millones de pesos.,Costo,Sintético controlado,Alta
454,El equipo informó que la aplicación consume más memoria de la esperada y se reinicia bajo alta carga. El responsable confirmó que se requiere una acción de mitigación.,Técnico,Sintético controlado,Media
455,En la revisión de avance se evidenció que la aprobación requerida para continuar lleva dos semanas pendiente y bloquea el siguiente hito.,Cronograma,Sintético controlado,Media
456,El módulo de clientes presenta latencia elevada durante la preparación del despliegue. El responsable confirmó que se requiere una acción de mitigación.,Técnico,Sintético controlado,Media
457,En la última reunión se reportó que el único ingeniero de datos disponible está atendiendo dos frentes simultáneos y no puede cubrir todas las solicitudes. La situación requiere seguimiento. El responsable confirmó que se requiere una acción de mitigación.,Recursos,Sintético controlado,Media
458,El equipo informó que la revisión del módulo de pagos está detenida: la única persona con permisos y conocimiento se encuentra fuera del proyecto. El asunto fue escalado para definir el siguiente paso.,Recursos,Sintético controlado,Alta
459,El valor acumulado de la implementación ya consume más presupuesto del esperado para el nivel de avance actual.,Costo,Sintético controlado,Media
460,El equipo informó que se detectó una incompatibilidad entre la versión actual del componente y una librería necesaria para la solución.,Técnico,Sintético controlado,Media
461,En la última reunión se reportó que el mecanismo de autenticación rechaza solicitudes válidas en algunos escenarios de prueba. El responsable confirmó que se requiere una acción de mitigación.,Técnico,Sintético controlado,Media
462,El despliegue productivo deberá moverse una semana porque una actividad previa continúa pendiente. El punto quedó registrado para revisión.,Cronograma,Sintético controlado,Media
463,El despliegue más reciente provocó un comportamiento inesperado en el módulo de pagos. La situación requiere seguimiento.,Técnico,Sintético controlado,Media
464,La dependencia con el equipo de datos no se resolvió a tiempo y la siguiente actividad comenzará más tarde. El punto quedó registrado para revisión.,Cronograma,Sintético controlado,Media
465,El valor acumulado de la implementación ya consume más presupuesto del esperado para el nivel de avance actual. El caso fue registrado en el seguimiento semanal.,Costo,Sintético controlado,Media
466,El equipo informó que la carga de trabajo actual supera la disponibilidad del equipo durante esta iteración.,Recursos,Sintético controlado,Media
467,Una falla detectada en el portal transaccional obligó a repetir pruebas y el despliegue productivo se desplazará ocho días.,Cronograma,Sintético controlado,Alta
468,En la revisión de avance se evidenció que la rotación reciente dejó al equipo sin suficiente experiencia sobre el módulo de clientes. El responsable confirmó que se requiere una acción de mitigación.,Recursos,Sintético controlado,Media
469,La dependencia con el proveedor externo no se resolvió a tiempo y la siguiente actividad comenzará más tarde. El punto quedó registrado para revisión. El caso fue registrado en el seguimiento semanal.,Cronograma,Sintético controlado,Media
470,En la última reunión se reportó que el desarrollador frontend asignado al proyecto salió del equipo y todavía no se ha definido su reemplazo.,Recursos,Sintético controlado,Media
471,En la revisión de avance se evidenció que dos integrantes fueron trasladados a otra iniciativa y el equipo quedó con menor capacidad para atender las actividades. La situación requiere seguimiento.,Recursos,Sintético controlado,Media
472,En la última reunión se reportó que el proceso de sincronización falla cuando el volumen de transacciones supera el límite configurado.,Técnico,Sintético controlado,Media
473,El equipo informó que el proceso de sincronización falla cuando el volumen de transacciones supera el límite configurado. La situación requiere seguimiento.,Técnico,Sintético controlado,Media
474,El mecanismo de autenticación rechaza solicitudes válidas en algunos escenarios de prueba. El punto quedó registrado para revisión. La novedad sigue abierta al cierre del reporte.,Técnico,Sintético controlado,Media
475,La actividad de configuración no terminó en la fecha prevista y desplazará el cierre del sprint. El punto quedó registrado para revisión. El caso fue registrado en el seguimiento semanal.,Cronograma,Sintético controlado,Media
476,Durante el seguimiento se identificó que el arquitecto de solución asignado al proyecto salió del equipo y todavía no se ha definido su reemplazo. La situación requiere seguimiento.,Recursos,Sintético controlado,Media
477,En la revisión de avance se evidenció que la salida de un especialista exige contratar soporte externo y eleva el gasto previsto en 8 %. El asunto fue escalado para definir el siguiente paso.,Costo,Sintético controlado,Alta
478,La ausencia temporal de un especialista dejó pendiente una validación y la entrega prevista deberá correrse dos semanas.,Cronograma,Sintético controlado,Alta
479,La actividad de configuración no terminó en la fecha prevista y desplazará el inicio de la siguiente fase. La situación requiere seguimiento.,Cronograma,Sintético controlado,Media
480,Para evitar afectar la fecha de entrega se contratará capacidad adicional por 18 millones de pesos no presupuestados. La situación requiere seguimiento. La novedad sigue abierta al cierre del reporte.,Costo,Sintético controlado,Alta
481,El equipo informó que el ingeniero DevOps asignado al proyecto salió del equipo y todavía no se ha definido su reemplazo. La novedad sigue abierta al cierre del reporte.,Recursos,Sintético controlado,Media
482,La revisión del módulo de pagos está detenida: la única persona con permisos y conocimiento se encuentra fuera del proyecto.,Recursos,Sintético controlado,Alta
483,El equipo informó que se detectó una incompatibilidad entre la versión actual del componente y una librería necesaria para la solución. El caso fue registrado en el seguimiento semanal.,Técnico,Sintético controlado,Media
484,En la última reunión se reportó que el equipo no alcanzó a completar las pruebas porque parte de sus integrantes fue reasignada a una atención prioritaria. El punto quedó registrado para revisión.,Recursos,Sintético controlado,Alta
485,En la última reunión se reportó que el ambiente de pruebas pierde conexión con la base de datos de forma intermitente. El punto quedó registrado para revisión. La novedad sigue abierta al cierre del reporte.,Técnico,Sintético controlado,Media
486,El ingeniero DevOps asignado al proyecto salió del equipo y todavía no se ha definido su reemplazo.,Recursos,Sintético controlado,Media
487,Las pruebas consumieron quince días más de lo planeado y será necesario reprogramar el inicio de pruebas. La situación requiere seguimiento.,Cronograma,Sintético controlado,Media
488,En la última reunión se reportó que la carga de trabajo actual supera la disponibilidad del equipo durante esta iteración. El punto quedó registrado para revisión.,Recursos,Sintético controlado,Media
489,El despliegue más reciente provocó un comportamiento inesperado en el portal transaccional. La situación fue detectada antes del cierre de la iteración.,Técnico,Sintético controlado,Media
490,El pipeline de datos presenta errores de sincronización durante la integración entre sistemas.,Técnico,Sintético controlado,Media
491,Durante el seguimiento se identificó que el proveedor actualizó sus tarifas y el servicio quedará 22 % por encima del monto considerado inicialmente. La situación fue detectada antes del cierre de la iteración.,Costo,Sintético controlado,Media
492,La aprobación requerida para continuar lleva dos días pendiente y bloquea el siguiente hito. El caso fue registrado en el seguimiento semanal.,Cronograma,Sintético controlado,Media
493,En la revisión de avance se evidenció que el equipo de pruebas no cuenta con suficientes analistas para cubrir todos los escenarios definidos. El punto quedó registrado para revisión.,Recursos,Sintético controlado,Media
494,Durante el seguimiento se identificó que la integración entre sistemas no está enviando correctamente todos los campos requeridos por el destino. La situación requiere seguimiento. El asunto fue escalado para definir el siguiente paso.,Técnico,Sintético controlado,Media
495,La compra de componentes adicionales incrementará en 12 millones de pesos el valor total previsto. La situación requiere seguimiento. El responsable confirmó que se requiere una acción de mitigación.,Costo,Sintético controlado,Media
496,"Durante el seguimiento se identificó que fue necesario adquirir capacidad adicional para el módulo de clientes, generando un desembolso no contemplado.",Costo,Sintético controlado,Media
497,La aprobación requerida para continuar lleva diez días pendiente y bloquea el siguiente hito.,Cronograma,Sintético controlado,Media
498,"Durante el seguimiento se identificó que al ejecutar solicitudes simultáneas, el servicio responde con errores y deja operaciones incompletas. El asunto fue escalado para definir el siguiente paso.",Técnico,Sintético controlado,Media
499,En la revisión de avance se evidenció que no hay una persona con el conocimiento requerido para ejecutar la actividad especializada prevista. La situación requiere seguimiento.,Recursos,Sintético controlado,Media
500,La entrega del API de consulta fue reprogramada para una fecha posterior a la comprometida.,Cronograma,Sintético controlado,Media
501,En la revisión de avance se evidenció que no hay una persona con el conocimiento requerido para ejecutar la actividad especializada prevista.,Recursos,Sintético controlado,Media
502,Durante el seguimiento se identificó que se presentó una vacante inesperada en el equipo y varias responsabilidades quedaron sin responsable directo.,Recursos,Sintético controlado,Media
503,La carga de trabajo actual supera la disponibilidad del equipo durante esta iteración.,Recursos,Sintético controlado,Media
504,En la última reunión se reportó que una falla detectada en el integración con SAP obligó a repetir pruebas y el certificación del módulo se desplazará dos días.,Cronograma,Sintético controlado,Alta
505,Durante el seguimiento se identificó que la integración entre sistemas no está enviando correctamente todos los campos requeridos por el destino. El caso fue registrado en el seguimiento semanal.,Técnico,Sintético controlado,Media
506,En la revisión de avance se evidenció que se detectó una incompatibilidad entre la versión actual del componente y una librería necesaria para la solución. El asunto fue escalado para definir el siguiente paso.,Técnico,Sintético controlado,Media
507,En la revisión de avance se evidenció que el mecanismo de autenticación rechaza solicitudes válidas en algunos escenarios de prueba. El asunto fue escalado para definir el siguiente paso.,Técnico,Sintético controlado,Media
508,"Fue necesario adquirir capacidad adicional para el motor de reglas, generando un desembolso no contemplado. El punto quedó registrado para revisión. El asunto fue escalado para definir el siguiente paso.",Costo,Sintético controlado,Media
509,La rotación reciente dejó al equipo sin suficiente experiencia sobre el componente de facturación.,Recursos,Sintético controlado,Media
510,El proveedor actualizó sus tarifas y el servicio quedará 18 % por encima del monto considerado inicialmente.,Costo,Sintético controlado,Media
511,El equipo informó que para evitar afectar la fecha de entrega se contratará capacidad adicional por 12 millones de pesos no presupuestados.,Costo,Sintético controlado,Alta
512,La dependencia con el equipo de desarrollo no se resolvió a tiempo y la siguiente actividad comenzará más tarde.,Cronograma,Sintético controlado,Media
513,Durante el seguimiento se identificó que la actividad de configuración no terminó en la fecha prevista y desplazará el certificación del módulo. La situación requiere seguimiento.,Cronograma,Sintético controlado,Media
514,Una incompatibilidad en el API de consulta obliga a adquirir una licencia adicional por 30 millones de pesos.,Costo,Sintético controlado,Alta
515,El equipo informó que la rotación reciente dejó al equipo sin suficiente experiencia sobre el portal transaccional. El punto quedó registrado para revisión.,Recursos,Sintético controlado,Media
516,"Fue necesario adquirir capacidad adicional para el pipeline de datos, generando un desembolso no contemplado. La situación requiere seguimiento. La novedad sigue abierta al cierre del reporte.",Costo,Sintético controlado,Media
517,El aprobación funcional deberá moverse quince días porque una actividad previa continúa pendiente. La situación requiere seguimiento.,Cronograma,Sintético controlado,Media
518,La dependencia con el proveedor externo no se resolvió a tiempo y la siguiente actividad comenzará más tarde.,Cronograma,Sintético controlado,Media
519,Las horas adicionales de consultoría agotaron la reserva económica prevista para esta etapa. El punto quedó registrado para revisión. La situación fue detectada antes del cierre de la iteración.,Costo,Sintético controlado,Media
520,En la última reunión se reportó que la dependencia con el equipo funcional no se resolvió a tiempo y la siguiente actividad comenzará más tarde. El punto quedó registrado para revisión. La novedad sigue abierta al cierre del reporte.,Cronograma,Sintético controlado,Media
521,En la última reunión se reportó que el único ingeniero de datos disponible está atendiendo dos frentes simultáneos y no puede cubrir todas las solicitudes.,Recursos,Sintético controlado,Media
522,El equipo informó que la aplicación consume más memoria de la esperada y se reinicia bajo alta carga.,Técnico,Sintético controlado,Media
523,En la última reunión se reportó que para evitar afectar la fecha de entrega se contratará capacidad adicional por 30 millones de pesos no presupuestados. El responsable confirmó que se requiere una acción de mitigación.,Costo,Sintético controlado,Alta
524,"Durante el seguimiento se identificó que fue necesario adquirir capacidad adicional para el componente de facturación, generando un desembolso no contemplado. La situación requiere seguimiento.",Costo,Sintético controlado,Media
525,Durante el seguimiento se identificó que la dependencia con el equipo de datos no se resolvió a tiempo y la siguiente actividad comenzará más tarde.,Cronograma,Sintético controlado,Media
526,En la revisión de avance se evidenció que el mecanismo de autenticación rechaza solicitudes válidas en algunos escenarios de prueba. La situación requiere seguimiento.,Técnico,Sintético controlado,Media
527,Durante el seguimiento se identificó que la ausencia del analista de pruebas dejó sin atender una configuración y podría mover el inicio de pruebas. La novedad sigue abierta al cierre del reporte.,Recursos,Sintético controlado,Alta
528,El proveedor actualizó sus tarifas y el servicio quedará 25 % por encima del monto considerado inicialmente. El punto quedó registrado para revisión. La novedad sigue abierta al cierre del reporte.,Costo,Sintético controlado,Media
529,Durante el seguimiento se identificó que la nueva cotización de el proveedor de nube supera en 18 % el valor aprobado para el servicio.,Costo,Sintético controlado,Media
530,El ingeniero de datos asignado al proyecto salió del equipo y todavía no se ha definido su reemplazo. El punto quedó registrado para revisión.,Recursos,Sintético controlado,Media
531,La incorporación del nuevo administrador de base de datos requiere entrenamiento antes de asumir las tareas asignadas. La situación requiere seguimiento. El responsable confirmó que se requiere una acción de mitigación.,Recursos,Sintético controlado,Media
532,La renovación de licencias requiere 8 millones de pesos más frente a la estimación inicial.,Costo,Sintético controlado,Media
533,"El proveedor puede mantener la fecha inicialmente acordada, pero únicamente con un servicio adicional de 12 millones de pesos. La situación requiere seguimiento.",Costo,Sintético controlado,Alta
534,En la última reunión se reportó que el entrega del incremento deberá moverse una semana porque una actividad previa continúa pendiente. La novedad sigue abierta al cierre del reporte.,Cronograma,Sintético controlado,Media
535,En la revisión de avance se evidenció que la dependencia con el área de infraestructura no se resolvió a tiempo y la siguiente actividad comenzará más tarde.,Cronograma,Sintético controlado,Media
536,El equipo informó que el mecanismo de autenticación rechaza solicitudes válidas en algunos escenarios de prueba. La situación fue detectada antes del cierre de la iteración.,Técnico,Sintético controlado,Media
537,"Durante el seguimiento se identificó que al ejecutar solicitudes simultáneas, el servicio responde con errores y deja operaciones incompletas. El caso fue registrado en el seguimiento semanal.",Técnico,Sintético controlado,Media
538,El equipo informó que el avance de la iteración está por debajo de lo previsto y varias tareas pasarán al siguiente ciclo. La situación requiere seguimiento.,Cronograma,Sintético controlado,Media
539,El equipo informó que el equipo funcional tendrá disponibilidad parcial durante las próximas semanas por asignaciones en otra iniciativa. La situación requiere seguimiento. El responsable confirmó que se requiere una acción de mitigación.,Recursos,Sintético controlado,Media
540,La integración entre sistemas no está enviando correctamente todos los campos requeridos por el destino. La situación requiere seguimiento. La situación fue detectada antes del cierre de la iteración.,Técnico,Sintético controlado,Media
541,El equipo informó que la actividad de configuración no terminó en la fecha prevista y desplazará el inicio de la siguiente fase. El punto quedó registrado para revisión. El caso fue registrado en el seguimiento semanal.,Cronograma,Sintético controlado,Media
542,En la revisión de avance se evidenció que el ambiente de pruebas pierde conexión con la base de datos de forma intermitente. El punto quedó registrado para revisión.,Técnico,Sintético controlado,Media
543,Las pruebas consumieron quince días más de lo planeado y será necesario reprogramar el salida a producción. La situación requiere seguimiento.,Cronograma,Sintético controlado,Media
544,Durante el seguimiento se identificó que la aplicación consume más memoria de la esperada y se reinicia bajo alta carga. El punto quedó registrado para revisión.,Técnico,Sintético controlado,Media
545,"Fue necesario adquirir capacidad adicional para el motor de reglas, generando un desembolso no contemplado. El asunto fue escalado para definir el siguiente paso.",Costo,Sintético controlado,Media
546,El ingeniero de datos asignado al proyecto salió del equipo y todavía no se ha definido su reemplazo. La situación requiere seguimiento.,Recursos,Sintético controlado,Media
547,En la última reunión se reportó que el consumo de infraestructura en la nube quedó por encima de lo estimado y aumentará el gasto mensual. El caso fue registrado en el seguimiento semanal.,Costo,Sintético controlado,Media
548,En la revisión de avance se evidenció que el despliegue más reciente provocó un comportamiento inesperado en el motor de reglas.,Técnico,Sintético controlado,Media
549,El equipo informó que la renovación de licencias requiere 42 millones de pesos más frente a la estimación inicial. La situación fue detectada antes del cierre de la iteración.,Costo,Sintético controlado,Media
550,En la revisión de avance se evidenció que el equipo funcional informó que la entrega del flujo de onboarding tomará diez días adicionales. El responsable confirmó que se requiere una acción de mitigación.,Cronograma,Sintético controlado,Media
551,En la revisión de avance se evidenció que la incorporación del nuevo especialista de integración requiere entrenamiento antes de asumir las tareas asignadas. El punto quedó registrado para revisión. El asunto fue escalado para definir el siguiente paso.,Recursos,Sintético controlado,Media
552,El despliegue más reciente provocó un comportamiento inesperado en el flujo de onboarding. La situación fue detectada antes del cierre de la iteración.,Técnico,Sintético controlado,Media
553,Durante el seguimiento se identificó que el inicio de la siguiente fase deberá moverse quince días porque una actividad previa continúa pendiente. El punto quedó registrado para revisión.,Cronograma,Sintético controlado,Media
554,El equipo informó que la nueva cotización de el área de infraestructura supera en 20 % el valor aprobado para el servicio.,Costo,Sintético controlado,Media
555,"En la última reunión se reportó que el proveedor entregó el componente a tiempo, pero la versión instalada no es compatible con el entorno actual. El responsable confirmó que se requiere una acción de mitigación.",Técnico,Sintético controlado,Alta
556,El módulo de pagos presenta fallas al procesar grandes volúmenes durante la preparación del despliegue. El punto quedó registrado para revisión.,Técnico,Sintético controlado,Media
557,La dependencia con el área de infraestructura no se resolvió a tiempo y la siguiente actividad comenzará más tarde.,Cronograma,Sintético controlado,Media
558,En la revisión de avance se evidenció que la validación con usuarios inició tarde y el cierre de la fase tendrá que desplazarse. La situación fue detectada antes del cierre de la iteración.,Cronograma,Sintético controlado,Media
559,Durante el seguimiento se identificó que el ambiente de pruebas pierde conexión con la base de datos de forma intermitente. El punto quedó registrado para revisión.,Técnico,Sintético controlado,Media
560,La renovación de licencias requiere 15 millones de pesos más frente a la estimación inicial. La situación fue detectada antes del cierre de la iteración.,Costo,Sintético controlado,Media
561,El avance de la iteración está por debajo de lo previsto y varias tareas pasarán al siguiente ciclo. El responsable confirmó que se requiere una acción de mitigación.,Cronograma,Sintético controlado,Media
562,Los reprocesos de esta fase demandaron horas de consultoría que no estaban incluidas en la estimación original.,Costo,Sintético controlado,Media
563,El salida a producción deberá moverse diez días porque una actividad previa continúa pendiente.,Cronograma,Sintético controlado,Media
564,En la revisión de avance se evidenció que el valor acumulado de la implementación ya consume más presupuesto del esperado para el nivel de avance actual. La situación requiere seguimiento.,Costo,Sintético controlado,Media
565,El proveedor actualizó sus tarifas y el servicio quedará 25 % por encima del monto considerado inicialmente. La novedad sigue abierta al cierre del reporte.,Costo,Sintético controlado,Media
566,Durante el seguimiento se identificó que el ambiente de pruebas pierde conexión con la base de datos de forma intermitente.,Técnico,Sintético controlado,Media
567,"Fue necesario adquirir capacidad adicional para el servicio de autenticación, generando un desembolso no contemplado.",Costo,Sintético controlado,Media
568,En la última reunión se reportó que los registros procesados por el pipeline presentan valores inconsistentes frente a la fuente original. El responsable confirmó que se requiere una acción de mitigación.,Técnico,Sintético controlado,Media
569,El proveedor externo informó que la entrega del componente de facturación tomará ocho días adicionales.,Cronograma,Sintético controlado,Media
570,En la revisión de avance se evidenció que la incorporación del nuevo ingeniero de datos requiere entrenamiento antes de asumir las tareas asignadas. La situación requiere seguimiento.,Recursos,Sintético controlado,Media
571,En la última reunión se reportó que la carga de trabajo actual supera la disponibilidad del equipo durante esta iteración. La situación fue detectada antes del cierre de la iteración.,Recursos,Sintético controlado,Media
572,En la revisión de avance se evidenció que una incompatibilidad en el flujo de onboarding obliga a adquirir una licencia adicional por 6 millones de pesos. El punto quedó registrado para revisión.,Costo,Sintético controlado,Alta
573,Durante el seguimiento se identificó que los reprocesos de esta fase demandaron horas de consultoría que no estaban incluidas en la estimación original. La novedad sigue abierta al cierre del reporte.,Costo,Sintético controlado,Media
574,En la última reunión se reportó que la dependencia con el equipo de datos no se resolvió a tiempo y la siguiente actividad comenzará más tarde. El asunto fue escalado para definir el siguiente paso.,Cronograma,Sintético controlado,Media
575,En la revisión de avance se evidenció que el equipo de pruebas no cuenta con suficientes analistas para cubrir todos los escenarios definidos. El caso fue registrado en el seguimiento semanal.,Recursos,Sintético controlado,Media
576,La actividad de configuración no terminó en la fecha prevista y desplazará el inicio de pruebas. La situación requiere seguimiento. La situación fue detectada antes del cierre de la iteración.,Cronograma,Sintético controlado,Media
577,En la última reunión se reportó que el avance de la iteración está por debajo de lo previsto y varias tareas pasarán al siguiente ciclo. La situación requiere seguimiento.,Cronograma,Sintético controlado,Media
578,"Al ejecutar solicitudes simultáneas, el servicio responde con errores y deja operaciones incompletas. El punto quedó registrado para revisión.",Técnico,Sintético controlado,Media
579,En la última reunión se reportó que se presentó una vacante inesperada en el equipo y varias responsabilidades quedaron sin responsable directo. La situación requiere seguimiento.,Recursos,Sintético controlado,Media
580,El proveedor actualizó sus tarifas y el servicio quedará 15 % por encima del monto considerado inicialmente.,Costo,Sintético controlado,Media
581,Durante el seguimiento se identificó que la renovación de licencias requiere 12 millones de pesos más frente a la estimación inicial. La novedad sigue abierta al cierre del reporte.,Costo,Sintético controlado,Media
582,"Una tarea crítica presenta errores, pero el especialista que conoce el componente no estará disponible esta semana. El caso fue registrado en el seguimiento semanal.",Recursos,Sintético controlado,Alta
583,En la última reunión se reportó que se requirió ampliar la capacidad del ambiente antes de continuar; esta espera mueve el salida a producción al siguiente periodo. La situación requiere seguimiento.,Cronograma,Sintético controlado,Alta
584,La salida de un especialista exige contratar soporte externo y eleva el gasto previsto en 12 %.,Costo,Sintético controlado,Alta
585,Durante el seguimiento se identificó que se requirió ampliar la capacidad del ambiente antes de continuar; esta espera mueve el entrega del incremento al siguiente periodo.,Cronograma,Sintético controlado,Alta
586,La revisión del integración con SAP está detenida: la única persona con permisos y conocimiento se encuentra fuera del proyecto.,Recursos,Sintético controlado,Alta
587,Una falla detectada en el componente de facturación obligó a repetir pruebas y el cierre del sprint se desplazará dos semanas. El asunto fue escalado para definir el siguiente paso.,Cronograma,Sintético controlado,Alta
588,El especialista de integración asignado al proyecto salió del equipo y todavía no se ha definido su reemplazo. La situación requiere seguimiento.,Recursos,Sintético controlado,Media
589,El equipo de pruebas no cuenta con suficientes analistas para cubrir todos los escenarios definidos. El responsable confirmó que se requiere una acción de mitigación.,Recursos,Sintético controlado,Media
590,La actividad de configuración no terminó en la fecha prevista y desplazará el inicio de la siguiente fase. El punto quedó registrado para revisión.,Cronograma,Sintético controlado,Media
591,Durante el seguimiento se identificó que la incorporación del nuevo analista funcional requiere entrenamiento antes de asumir las tareas asignadas.,Recursos,Sintético controlado,Media
592,En la revisión de avance se evidenció que el despliegue más reciente provocó un comportamiento inesperado en el servicio de notificaciones.,Técnico,Sintético controlado,Media
593,La validación con usuarios inició tarde y el cierre de la fase tendrá que desplazarse. El punto quedó registrado para revisión. El caso fue registrado en el seguimiento semanal.,Cronograma,Sintético controlado,Media
594,En la revisión de avance se evidenció que las pruebas consumieron ocho días más de lo planeado y será necesario reprogramar el inicio de la siguiente fase.,Cronograma,Sintético controlado,Media
595,En la revisión de avance se evidenció que el despliegue más reciente provocó un comportamiento inesperado en el componente de facturación.,Técnico,Sintético controlado,Media
596,El proceso de sincronización falla cuando el volumen de transacciones supera el límite configurado. El caso fue registrado en el seguimiento semanal.,Técnico,Sintético controlado,Media
597,En la revisión de avance se evidenció que la ausencia temporal de un especialista dejó pendiente una validación y la entrega prevista deberá correrse diez días. El punto quedó registrado para revisión. El asunto fue escalado para definir el siguiente paso.,Cronograma,Sintético controlado,Alta
598,La ausencia del desarrollador frontend dejó sin atender una configuración y podría mover el salida a producción.,Recursos,Sintético controlado,Alta
599,La carga de trabajo actual supera la disponibilidad del equipo durante esta iteración. El punto quedó registrado para revisión. El responsable confirmó que se requiere una acción de mitigación.,Recursos,Sintético controlado,Media
600,"En la revisión de avance se evidenció que el proveedor pidió un ajuste adicional antes de entregar el componente, por lo que la fecha comprometida ya no podrá mantenerse. El responsable confirmó que se requiere una acción de mitigación.",Cronograma,Sintético controlado,Alta
601,En la última reunión se reportó que la validación no puede continuar porque el componente devuelve información inconsistente después del último despliegue.,Técnico,Sintético controlado,Alta
602,El despliegue más reciente provocó un comportamiento inesperado en el servicio de autenticación. La situación requiere seguimiento.,Técnico,Sintético controlado,Media
603,En la revisión de avance se evidenció que el valor acumulado de la implementación ya consume más presupuesto del esperado para el nivel de avance actual. La situación requiere seguimiento. El responsable confirmó que se requiere una acción de mitigación.,Costo,Sintético controlado,Media
604,Durante el seguimiento se identificó que el equipo funcional tendrá disponibilidad parcial durante las próximas semanas por asignaciones en otra iniciativa. El asunto fue escalado para definir el siguiente paso.,Recursos,Sintético controlado,Media
605,El único líder técnico disponible está atendiendo dos frentes simultáneos y no puede cubrir todas las solicitudes. La situación requiere seguimiento. La situación fue detectada antes del cierre de la iteración.,Recursos,Sintético controlado,Media
606,El pipeline de datos presenta duplicación de registros durante la integración entre sistemas.,Técnico,Sintético controlado,Media
607,Se requieren 15 millones de pesos adicionales para completar la contratación necesaria en esta fase.,Costo,Sintético controlado,Media
608,En la revisión de avance se evidenció que la validación no puede continuar porque el componente devuelve información inconsistente después del último despliegue. El caso fue registrado en el seguimiento semanal.,Técnico,Sintético controlado,Alta
609,En la revisión de avance se evidenció que se detectó una incompatibilidad entre la versión actual del componente y una librería necesaria para la solución. La situación requiere seguimiento.,Técnico,Sintético controlado,Media
610,"En la última reunión se reportó que fue necesario adquirir capacidad adicional para el módulo de clientes, generando un desembolso no contemplado. La situación requiere seguimiento.",Costo,Sintético controlado,Media
611,Durante el seguimiento se identificó que el motor de reglas presenta inconsistencias de datos durante las pruebas integrales.,Técnico,Sintético controlado,Media
612,En la revisión de avance se evidenció que se presentó una vacante inesperada en el equipo y varias responsabilidades quedaron sin responsable directo. El asunto fue escalado para definir el siguiente paso.,Recursos,Sintético controlado,Media
613,El equipo informó que las nuevas exigencias del área usuaria requieren más horas de desarrollo y aumentan el valor estimado en 18 %. El caso fue registrado en el seguimiento semanal.,Costo,Sintético controlado,Alta
614,En la última reunión se reportó que el despliegue más reciente provocó un comportamiento inesperado en el API de consulta.,Técnico,Sintético controlado,Media
615,No hay una persona con el conocimiento requerido para ejecutar la actividad especializada prevista. El punto quedó registrado para revisión.,Recursos,Sintético controlado,Media
616,En la revisión de avance se evidenció que la aplicación consume más memoria de la esperada y se reinicia bajo alta carga. La situación requiere seguimiento. El caso fue registrado en el seguimiento semanal.,Técnico,Sintético controlado,Media
617,"En la revisión de avance se evidenció que para cubrir la falta de capacidad se evalúa contratar apoyo externo, aunque esto implicaría un gasto adicional. El punto quedó registrado para revisión.",Recursos,Sintético controlado,Alta
618,El proceso de sincronización falla cuando el volumen de transacciones supera el límite configurado. La situación requiere seguimiento. La novedad sigue abierta al cierre del reporte.,Técnico,Sintético controlado,Media
619,La actividad de configuración no terminó en la fecha prevista y desplazará el certificación del módulo. La situación requiere seguimiento.,Cronograma,Sintético controlado,Media
620,El equipo informó que el avance de la iteración está por debajo de lo previsto y varias tareas pasarán al siguiente ciclo. La situación requiere seguimiento. El caso fue registrado en el seguimiento semanal.,Cronograma,Sintético controlado,Media
621,En la revisión de avance se evidenció que el equipo no alcanzó a completar las pruebas porque parte de sus integrantes fue reasignada a una atención prioritaria. El punto quedó registrado para revisión.,Recursos,Sintético controlado,Alta
622,En la revisión de avance se evidenció que dos integrantes fueron trasladados a otra iniciativa y el equipo quedó con menor capacidad para atender las actividades. El responsable confirmó que se requiere una acción de mitigación.,Recursos,Sintético controlado,Media
623,Durante el seguimiento se identificó que el único especialista de integración disponible está atendiendo dos frentes simultáneos y no puede cubrir todas las solicitudes. La novedad sigue abierta al cierre del reporte.,Recursos,Sintético controlado,Media
624,La entrega del pipeline de datos fue reprogramada para una fecha posterior a la comprometida.,Cronograma,Sintético controlado,Media
625,En la última reunión se reportó que la nueva cotización de el equipo de pruebas supera en 12 % el valor aprobado para el servicio. El asunto fue escalado para definir el siguiente paso.,Costo,Sintético controlado,Media
626,En la última reunión se reportó que la revisión pendiente ha consumido diez días y todavía impide iniciar la actividad sucesora. La novedad sigue abierta al cierre del reporte.,Cronograma,Sintético controlado,Media
627,El equipo no alcanzó a completar las pruebas porque parte de sus integrantes fue reasignada a una atención prioritaria. El responsable confirmó que se requiere una acción de mitigación.,Recursos,Sintético controlado,Alta
628,El único desarrollador backend disponible está atendiendo dos frentes simultáneos y no puede cubrir todas las solicitudes.,Recursos,Sintético controlado,Media
629,La compra de componentes adicionales incrementará en 42 millones de pesos el valor total previsto. El punto quedó registrado para revisión.,Costo,Sintético controlado,Media
630,En la última reunión se reportó que el motor de reglas presenta inconsistencias de datos en el ambiente de certificación. El punto quedó registrado para revisión. El caso fue registrado en el seguimiento semanal.,Técnico,Sintético controlado,Media
631,En la última reunión se reportó que el proveedor actualizó sus tarifas y el servicio quedará 20 % por encima del monto considerado inicialmente. El responsable confirmó que se requiere una acción de mitigación.,Costo,Sintético controlado,Media
632,En la última reunión se reportó que dos integrantes fueron trasladados a otra iniciativa y el equipo quedó con menor capacidad para atender las actividades. El caso fue registrado en el seguimiento semanal.,Recursos,Sintético controlado,Media
633,Una falla del módulo de clientes está obligando a repetir pruebas y podría afectar la fecha prevista de cierre. El punto quedó registrado para revisión.,Técnico,Sintético controlado,Alta
634,El equipo informó que la dependencia con el equipo de pruebas no se resolvió a tiempo y la siguiente actividad comenzará más tarde.,Cronograma,Sintético controlado,Media
635,En la revisión de avance se evidenció que el proveedor actualizó sus tarifas y el servicio quedará 30 % por encima del monto considerado inicialmente. El asunto fue escalado para definir el siguiente paso.,Costo,Sintético controlado,Media
636,El despliegue productivo deberá moverse ocho días porque una actividad previa continúa pendiente. La situación fue detectada antes del cierre de la iteración.,Cronograma,Sintético controlado,Media
637,La actividad de configuración no terminó en la fecha prevista y desplazará el cierre del sprint.,Cronograma,Sintético controlado,Media
638,En la última reunión se reportó que el flujo de onboarding presenta errores intermitentes al ejecutar los casos de prueba. El punto quedó registrado para revisión. El asunto fue escalado para definir el siguiente paso.,Técnico,Sintético controlado,Media
639,El equipo informó que la nueva cotización de el equipo de desarrollo supera en 15 % el valor aprobado para el servicio. El punto quedó registrado para revisión.,Costo,Sintético controlado,Media
640,El API de consulta presenta errores intermitentes durante la integración entre sistemas.,Técnico,Sintético controlado,Media
641,"El proveedor entregó el componente a tiempo, pero la versión instalada no es compatible con el entorno actual. La novedad sigue abierta al cierre del reporte.",Técnico,Sintético controlado,Alta
642,En la revisión de avance se evidenció que la aplicación consume más memoria de la esperada y se reinicia bajo alta carga. La situación requiere seguimiento.,Técnico,Sintético controlado,Media
643,Las nuevas exigencias del área usuaria requieren más horas de desarrollo y aumentan el valor estimado en 25 %. El punto quedó registrado para revisión.,Costo,Sintético controlado,Alta
644,"Durante el seguimiento se identificó que fue necesario adquirir capacidad adicional para el motor de reglas, generando un desembolso no contemplado. La situación requiere seguimiento.",Costo,Sintético controlado,Media
645,El equipo informó que la carga de trabajo actual supera la disponibilidad del equipo durante esta iteración. La situación requiere seguimiento. El responsable confirmó que se requiere una acción de mitigación.,Recursos,Sintético controlado,Media
646,En la última reunión se reportó que el módulo de pagos presenta inconsistencias de datos al aumentar el volumen de transacciones.,Técnico,Sintético controlado,Media
647,En la última reunión se reportó que el único ingeniero de datos disponible está atendiendo dos frentes simultáneos y no puede cubrir todas las solicitudes. El caso fue registrado en el seguimiento semanal.,Recursos,Sintético controlado,Media
648,El equipo informó que la revisión pendiente ha consumido dos semanas y todavía impide iniciar la actividad sucesora. El punto quedó registrado para revisión. El caso fue registrado en el seguimiento semanal.,Cronograma,Sintético controlado,Media
649,En la revisión de avance se evidenció que la aprobación requerida para continuar lleva una semana pendiente y bloquea el siguiente hito.,Cronograma,Sintético controlado,Media
650,Durante el seguimiento se identificó que el despliegue productivo deberá moverse diez días porque una actividad previa continúa pendiente.,Cronograma,Sintético controlado,Media
651,En la revisión de avance se evidenció que el equipo funcional tendrá disponibilidad parcial durante las próximas semanas por asignaciones en otra iniciativa. El punto quedó registrado para revisión. El caso fue registrado en el seguimiento semanal.,Recursos,Sintético controlado,Media
652,El equipo informó que el avance de la iteración está por debajo de lo previsto y varias tareas pasarán al siguiente ciclo. La situación fue detectada antes del cierre de la iteración.,Cronograma,Sintético controlado,Media
653,"Durante el seguimiento se identificó que al ejecutar solicitudes simultáneas, el servicio responde con errores y deja operaciones incompletas. La situación requiere seguimiento.",Técnico,Sintético controlado,Media
654,Durante el seguimiento se identificó que el ambiente de pruebas pierde conexión con la base de datos de forma intermitente. El responsable confirmó que se requiere una acción de mitigación.,Técnico,Sintético controlado,Media
655,Durante el seguimiento se identificó que la revisión pendiente ha consumido dos días y todavía impide iniciar la actividad sucesora. El punto quedó registrado para revisión.,Cronograma,Sintético controlado,Media
656,"El proveedor entregó el componente a tiempo, pero la versión instalada no es compatible con el entorno actual. El punto quedó registrado para revisión. El responsable confirmó que se requiere una acción de mitigación.",Técnico,Sintético controlado,Alta
657,La validación con usuarios inició tarde y el cierre de la fase tendrá que desplazarse. El caso fue registrado en el seguimiento semanal.,Cronograma,Sintético controlado,Media
658,El equipo informó que una nueva revisión de seguridad agregó actividades no previstas y el cierre del sprint quedará para la siguiente semana. La situación requiere seguimiento.,Cronograma,Sintético controlado,Alta
659,En la revisión de avance se evidenció que los registros procesados por el pipeline presentan valores inconsistentes frente a la fuente original. El responsable confirmó que se requiere una acción de mitigación.,Técnico,Sintético controlado,Media
660,El equipo informó que el mecanismo de autenticación rechaza solicitudes válidas en algunos escenarios de prueba. La situación requiere seguimiento.,Técnico,Sintético controlado,Media
661,La validación no puede continuar porque el componente devuelve información inconsistente después del último despliegue. El punto quedó registrado para revisión. La novedad sigue abierta al cierre del reporte.,Técnico,Sintético controlado,Alta
662,En la revisión de avance se evidenció que las pruebas consumieron tres días más de lo planeado y será necesario reprogramar el validación con usuarios. La situación requiere seguimiento.,Cronograma,Sintético controlado,Media
663,En la última reunión se reportó que la compra de componentes adicionales incrementará en 6 millones de pesos el valor total previsto. La situación requiere seguimiento.,Costo,Sintético controlado,Media
664,Durante el seguimiento se identificó que el arquitecto de solución asignado al proyecto salió del equipo y todavía no se ha definido su reemplazo. La situación requiere seguimiento. La novedad sigue abierta al cierre del reporte.,Recursos,Sintético controlado,Media
665,En la última reunión se reportó que las horas adicionales de consultoría agotaron la reserva económica prevista para esta etapa. La situación requiere seguimiento.,Costo,Sintético controlado,Media
666,Durante el seguimiento se identificó que la ausencia del analista funcional dejó sin atender una configuración y podría mover el cierre de la iteración. El punto quedó registrado para revisión.,Recursos,Sintético controlado,Alta
667,El equipo informó que la compra de componentes adicionales incrementará en 6 millones de pesos el valor total previsto. El asunto fue escalado para definir el siguiente paso.,Costo,Sintético controlado,Media
668,El equipo informó que el administrador de base de datos asignado al proyecto salió del equipo y todavía no se ha definido su reemplazo.,Recursos,Sintético controlado,Media
669,El proveedor actualizó sus tarifas y el servicio quedará 15 % por encima del monto considerado inicialmente. La novedad sigue abierta al cierre del reporte.,Costo,Sintético controlado,Media
670,En la revisión de avance se evidenció que la compra de componentes adicionales incrementará en 8 millones de pesos el valor total previsto. La novedad sigue abierta al cierre del reporte.,Costo,Sintético controlado,Media
671,En la última reunión se reportó que una incompatibilidad en el módulo de pagos obliga a adquirir una licencia adicional por 30 millones de pesos. La situación requiere seguimiento. El asunto fue escalado para definir el siguiente paso.,Costo,Sintético controlado,Alta
672,"En la última reunión se reportó que al ejecutar solicitudes simultáneas, el servicio responde con errores y deja operaciones incompletas.",Técnico,Sintético controlado,Media
673,"Fue necesario adquirir capacidad adicional para el componente de facturación, generando un desembolso no contemplado.",Costo,Sintético controlado,Media
674,Durante el seguimiento se identificó que la dependencia con el equipo de arquitectura no se resolvió a tiempo y la siguiente actividad comenzará más tarde. La situación requiere seguimiento.,Cronograma,Sintético controlado,Media
675,El equipo informó que la nueva cotización de el área de infraestructura supera en 20 % el valor aprobado para el servicio. La situación requiere seguimiento.,Costo,Sintético controlado,Media
676,Durante el seguimiento se identificó que la nueva cotización de el equipo funcional supera en 8 % el valor aprobado para el servicio.,Costo,Sintético controlado,Media
677,Durante el seguimiento se identificó que las horas adicionales de consultoría agotaron la reserva económica prevista para esta etapa. La situación requiere seguimiento. El caso fue registrado en el seguimiento semanal.,Costo,Sintético controlado,Media
678,En la última reunión se reportó que la revisión del flujo de onboarding está detenida: la única persona con permisos y conocimiento se encuentra fuera del proyecto.,Recursos,Sintético controlado,Alta
679,Durante el seguimiento se identificó que el administrador de base de datos asignado al proyecto salió del equipo y todavía no se ha definido su reemplazo. El asunto fue escalado para definir el siguiente paso.,Recursos,Sintético controlado,Media
680,Durante el seguimiento se identificó que el despliegue más reciente provocó un comportamiento inesperado en el componente de facturación. El punto quedó registrado para revisión.,Técnico,Sintético controlado,Media
681,"Durante el seguimiento se identificó que una tarea crítica presenta errores, pero el especialista que conoce el componente no estará disponible esta semana. El punto quedó registrado para revisión.",Recursos,Sintético controlado,Alta
682,En la revisión de avance se evidenció que la validación no puede continuar porque el componente devuelve información inconsistente después del último despliegue. La situación requiere seguimiento.,Técnico,Sintético controlado,Alta
683,Los registros procesados por el pipeline presentan valores inconsistentes frente a la fuente original. El responsable confirmó que se requiere una acción de mitigación.,Técnico,Sintético controlado,Media
684,La revisión del motor de reglas está detenida: la única persona con permisos y conocimiento se encuentra fuera del proyecto. La situación requiere seguimiento.,Recursos,Sintético controlado,Alta
685,El equipo informó que el equipo de arquitectura informó que la entrega del integración con SAP tomará diez días adicionales. El punto quedó registrado para revisión. El asunto fue escalado para definir el siguiente paso.,Cronograma,Sintético controlado,Media
686,El proveedor actualizó sus tarifas y el servicio quedará 12 % por encima del monto considerado inicialmente.,Costo,Sintético controlado,Media
687,En la última reunión se reportó que dos integrantes fueron trasladados a otra iniciativa y el equipo quedó con menor capacidad para atender las actividades. El punto quedó registrado para revisión.,Recursos,Sintético controlado,Media
688,En la revisión de avance se evidenció que las horas adicionales de consultoría agotaron la reserva económica prevista para esta etapa.,Costo,Sintético controlado,Media
689,El ambiente de pruebas presenta duplicación de registros durante la integración entre sistemas.,Técnico,Sintético controlado,Media
690,Durante el seguimiento se identificó que dos integrantes fueron trasladados a otra iniciativa y el equipo quedó con menor capacidad para atender las actividades. El punto quedó registrado para revisión.,Recursos,Sintético controlado,Media
691,Durante el seguimiento se identificó que la nueva cotización de el equipo de datos supera en 18 % el valor aprobado para el servicio.,Costo,Sintético controlado,Media
692,Durante el seguimiento se identificó que la revisión del API de consulta está detenida: la única persona con permisos y conocimiento se encuentra fuera del proyecto. La situación fue detectada antes del cierre de la iteración.,Recursos,Sintético controlado,Alta
693,La revisión pendiente ha consumido una semana y todavía impide iniciar la actividad sucesora. El punto quedó registrado para revisión. La novedad sigue abierta al cierre del reporte.,Cronograma,Sintético controlado,Media
694,En la última reunión se reportó que el equipo funcional tendrá disponibilidad parcial durante las próximas semanas por asignaciones en otra iniciativa. El caso fue registrado en el seguimiento semanal.,Recursos,Sintético controlado,Media
695,El entrega del incremento deberá moverse una semana porque una actividad previa continúa pendiente. El punto quedó registrado para revisión.,Cronograma,Sintético controlado,Media
696,La rotación reciente dejó al equipo sin suficiente experiencia sobre el portal transaccional. El asunto fue escalado para definir el siguiente paso.,Recursos,Sintético controlado,Media
697,En la última reunión se reportó que la validación con usuarios inició tarde y el cierre de la fase tendrá que desplazarse. La situación requiere seguimiento.,Cronograma,Sintético controlado,Media
698,La entrega del módulo de pagos fue reprogramada para una fecha posterior a la comprometida. El punto quedó registrado para revisión.,Cronograma,Sintético controlado,Media
699,La aplicación consume más memoria de la esperada y se reinicia bajo alta carga. La situación requiere seguimiento. El responsable confirmó que se requiere una acción de mitigación.,Técnico,Sintético controlado,Media
700,La actividad de configuración no terminó en la fecha prevista y desplazará el inicio de pruebas. La situación requiere seguimiento.,Cronograma,Sintético controlado,Media
701,El analista de pruebas asignado al proyecto salió del equipo y todavía no se ha definido su reemplazo. El punto quedó registrado para revisión.,Recursos,Sintético controlado,Media
702,Durante el seguimiento se identificó que la revisión del módulo de clientes está detenida: la única persona con permisos y conocimiento se encuentra fuera del proyecto.,Recursos,Sintético controlado,Alta
703,El equipo informó que la revisión del módulo de pagos está detenida: la única persona con permisos y conocimiento se encuentra fuera del proyecto. El caso fue registrado en el seguimiento semanal.,Recursos,Sintético controlado,Alta
704,El equipo informó que los reprocesos de esta fase demandaron horas de consultoría que no estaban incluidas en la estimación original. El asunto fue escalado para definir el siguiente paso.,Costo,Sintético controlado,Media
705,En la revisión de avance se evidenció que la revisión del servicio de autenticación está detenida: la única persona con permisos y conocimiento se encuentra fuera del proyecto.,Recursos,Sintético controlado,Alta
706,La revisión pendiente ha consumido cuatro días y todavía impide iniciar la actividad sucesora.,Cronograma,Sintético controlado,Media
707,Durante el seguimiento se identificó que el servicio requiere una actualización no planeada que además podría generar un gasto adicional de infraestructura.,Técnico,Sintético controlado,Alta
708,"Una tarea crítica presenta errores, pero el especialista que conoce el componente no estará disponible esta semana. La situación fue detectada antes del cierre de la iteración.",Recursos,Sintético controlado,Alta
709,La incorporación del nuevo ingeniero DevOps requiere entrenamiento antes de asumir las tareas asignadas. La situación requiere seguimiento.,Recursos,Sintético controlado,Media
710,La nueva cotización de el tercero de integración supera en 30 % el valor aprobado para el servicio. El responsable confirmó que se requiere una acción de mitigación.,Costo,Sintético controlado,Media
711,"El proveedor entregó el componente a tiempo, pero la versión instalada no es compatible con el entorno actual. La situación requiere seguimiento.",Técnico,Sintético controlado,Alta
712,En la última reunión se reportó que la actividad de configuración no terminó en la fecha prevista y desplazará el cierre del sprint. El caso fue registrado en el seguimiento semanal.,Cronograma,Sintético controlado,Media
713,En la última reunión se reportó que el avance de la iteración está por debajo de lo previsto y varias tareas pasarán al siguiente ciclo.,Cronograma,Sintético controlado,Media
714,Durante el seguimiento se identificó que el servicio requiere una actualización no planeada que además podría generar un gasto adicional de infraestructura. La situación requiere seguimiento.,Técnico,Sintético controlado,Alta
715,"El proveedor pidió un ajuste adicional antes de entregar el componente, por lo que la fecha comprometida ya no podrá mantenerse. El punto quedó registrado para revisión. El asunto fue escalado para definir el siguiente paso.",Cronograma,Sintético controlado,Alta
716,La renovación de licencias requiere 12 millones de pesos más frente a la estimación inicial.,Costo,Sintético controlado,Media
717,El equipo informó que el equipo no alcanzó a completar las pruebas porque parte de sus integrantes fue reasignada a una atención prioritaria. El punto quedó registrado para revisión.,Recursos,Sintético controlado,Alta
718,La ausencia temporal de un especialista dejó pendiente una validación y la entrega prevista deberá correrse una semana. El punto quedó registrado para revisión.,Cronograma,Sintético controlado,Alta
719,El equipo informó que el único analista de pruebas disponible está atendiendo dos frentes simultáneos y no puede cubrir todas las solicitudes. El punto quedó registrado para revisión. La novedad sigue abierta al cierre del reporte.,Recursos,Sintético controlado,Media
720,La rotación reciente dejó al equipo sin suficiente experiencia sobre el componente de facturación. El punto quedó registrado para revisión. El responsable confirmó que se requiere una acción de mitigación.,Recursos,Sintético controlado,Media
721,El equipo informó que la validación con usuarios inició tarde y el cierre de la fase tendrá que desplazarse. El caso fue registrado en el seguimiento semanal.,Cronograma,Sintético controlado,Media
722,La validación con usuarios inició tarde y el cierre de la fase tendrá que desplazarse. La situación requiere seguimiento. El caso fue registrado en el seguimiento semanal.,Cronograma,Sintético controlado,Media
723,"El proveedor puede mantener la fecha inicialmente acordada, pero únicamente con un servicio adicional de 15 millones de pesos.",Costo,Sintético controlado,Alta
724,El despliegue más reciente provocó un comportamiento inesperado en el componente de facturación.,Técnico,Sintético controlado,Media
725,El avance de la iteración está por debajo de lo previsto y varias tareas pasarán al siguiente ciclo. El punto quedó registrado para revisión. La situación fue detectada antes del cierre de la iteración.,Cronograma,Sintético controlado,Media
726,La rotación reciente dejó al equipo sin suficiente experiencia sobre el módulo de pagos.,Recursos,Sintético controlado,Media
727,Se detectó una incompatibilidad entre la versión actual del componente y una librería necesaria para la solución. El responsable confirmó que se requiere una acción de mitigación.,Técnico,Sintético controlado,Media
728,Se requieren 24 millones de pesos adicionales para completar la contratación necesaria en esta fase. La situación requiere seguimiento. El caso fue registrado en el seguimiento semanal.,Costo,Sintético controlado,Media
729,En la revisión de avance se evidenció que la aprobación requerida para continuar lleva tres días pendiente y bloquea el siguiente hito.,Cronograma,Sintético controlado,Media
730,La entrega del servicio de notificaciones fue reprogramada para una fecha posterior a la comprometida. El punto quedó registrado para revisión. El responsable confirmó que se requiere una acción de mitigación.,Cronograma,Sintético controlado,Media
731,En la última reunión se reportó que la aprobación requerida para continuar lleva cuatro días pendiente y bloquea el siguiente hito. El punto quedó registrado para revisión. El asunto fue escalado para definir el siguiente paso.,Cronograma,Sintético controlado,Media
732,En la revisión de avance se evidenció que el equipo de pruebas no cuenta con suficientes analistas para cubrir todos los escenarios definidos. La situación requiere seguimiento. La novedad sigue abierta al cierre del reporte.,Recursos,Sintético controlado,Media
733,Durante el seguimiento se identificó que la renovación de licencias requiere 30 millones de pesos más frente a la estimación inicial.,Costo,Sintético controlado,Media
734,En la última reunión se reportó que las pruebas consumieron quince días más de lo planeado y será necesario reprogramar el entrega del incremento. La situación requiere seguimiento. El responsable confirmó que se requiere una acción de mitigación.,Cronograma,Sintético controlado,Media
735,El analista funcional asignado al proyecto salió del equipo y todavía no se ha definido su reemplazo. La situación requiere seguimiento. La novedad sigue abierta al cierre del reporte.,Recursos,Sintético controlado,Media
736,El equipo informó que el equipo funcional tendrá disponibilidad parcial durante las próximas semanas por asignaciones en otra iniciativa. La situación requiere seguimiento.,Recursos,Sintético controlado,Media
737,La carga de trabajo actual supera la disponibilidad del equipo durante esta iteración. El punto quedó registrado para revisión. El caso fue registrado en el seguimiento semanal.,Recursos,Sintético controlado,Media
738,El equipo informó que el desarrollador frontend asignado al proyecto salió del equipo y todavía no se ha definido su reemplazo.,Recursos,Sintético controlado,Media
739,La aprobación requerida para continuar lleva dos semanas pendiente y bloquea el siguiente hito. El punto quedó registrado para revisión. La novedad sigue abierta al cierre del reporte.,Cronograma,Sintético controlado,Media
740,Las pruebas consumieron ocho días más de lo planeado y será necesario reprogramar el inicio de la siguiente fase. El responsable confirmó que se requiere una acción de mitigación.,Cronograma,Sintético controlado,Media
741,Durante el seguimiento se identificó que la entrega del motor de reglas fue reprogramada para una fecha posterior a la comprometida.,Cronograma,Sintético controlado,Media
742,En la última reunión se reportó que una falla del portal transaccional está obligando a repetir pruebas y podría afectar la fecha prevista de cierre. El asunto fue escalado para definir el siguiente paso.,Técnico,Sintético controlado,Alta
743,Las pruebas consumieron diez días más de lo planeado y será necesario reprogramar el certificación del módulo. La situación requiere seguimiento. El asunto fue escalado para definir el siguiente paso.,Cronograma,Sintético controlado,Media
744,La dependencia con el área usuaria no se resolvió a tiempo y la siguiente actividad comenzará más tarde. La situación requiere seguimiento.,Cronograma,Sintético controlado,Media
745,Se presentó una vacante inesperada en el equipo y varias responsabilidades quedaron sin responsable directo. El punto quedó registrado para revisión.,Recursos,Sintético controlado,Media
746,La salida de un especialista exige contratar soporte externo y eleva el gasto previsto en 15 %. El punto quedó registrado para revisión. El asunto fue escalado para definir el siguiente paso.,Costo,Sintético controlado,Alta
747,En la revisión de avance se evidenció que para evitar afectar la fecha de entrega se contratará capacidad adicional por 6 millones de pesos no presupuestados. La situación fue detectada antes del cierre de la iteración.,Costo,Sintético controlado,Alta
748,"Fue necesario adquirir capacidad adicional para el servicio de notificaciones, generando un desembolso no contemplado. El caso fue registrado en el seguimiento semanal.",Costo,Sintético controlado,Media
749,En la última reunión se reportó que la aplicación consume más memoria de la esperada y se reinicia bajo alta carga. El punto quedó registrado para revisión. La situación fue detectada antes del cierre de la iteración.,Técnico,Sintético controlado,Media
750,En la última reunión se reportó que se presentó una vacante inesperada en el equipo y varias responsabilidades quedaron sin responsable directo. El punto quedó registrado para revisión. El responsable confirmó que se requiere una acción de mitigación.,Recursos,Sintético controlado,Media
751,Durante el seguimiento se identificó que los reprocesos de esta fase demandaron horas de consultoría que no estaban incluidas en la estimación original.,Costo,Sintético controlado,Media
752,En la última reunión se reportó que una falla detectada en el flujo de onboarding obligó a repetir pruebas y el validación con usuarios se desplazará dos días. La novedad sigue abierta al cierre del reporte.,Cronograma,Sintético controlado,Alta
753,El único líder técnico disponible está atendiendo dos frentes simultáneos y no puede cubrir todas las solicitudes. La situación requiere seguimiento.,Recursos,Sintético controlado,Media
754,La revisión del servicio de autenticación está detenida: la única persona con permisos y conocimiento se encuentra fuera del proyecto. El punto quedó registrado para revisión.,Recursos,Sintético controlado,Alta
755,El equipo informó que la rotación reciente dejó al equipo sin suficiente experiencia sobre el servicio de autenticación. El punto quedó registrado para revisión.,Recursos,Sintético controlado,Media
756,La carga de trabajo actual supera la disponibilidad del equipo durante esta iteración. El punto quedó registrado para revisión.,Recursos,Sintético controlado,Media
757,Una nueva revisión de seguridad agregó actividades no previstas y el cierre del sprint quedará para la siguiente semana. La situación requiere seguimiento.,Cronograma,Sintético controlado,Alta
758,El ingeniero DevOps asignado al proyecto salió del equipo y todavía no se ha definido su reemplazo. El asunto fue escalado para definir el siguiente paso.,Recursos,Sintético controlado,Media
759,El equipo informó que la revisión del servicio de autenticación está detenida: la única persona con permisos y conocimiento se encuentra fuera del proyecto. La situación requiere seguimiento.,Recursos,Sintético controlado,Alta
760,Durante el seguimiento se identificó que el portal transaccional presenta consumo excesivo de memoria durante la preparación del despliegue.,Técnico,Sintético controlado,Media
761,El único administrador de base de datos disponible está atendiendo dos frentes simultáneos y no puede cubrir todas las solicitudes.,Recursos,Sintético controlado,Media
762,Las nuevas exigencias del área usuaria requieren más horas de desarrollo y aumentan el valor estimado en 30 %.,Costo,Sintético controlado,Alta
763,El equipo informó que la entrega del componente de facturación fue reprogramada para una fecha posterior a la comprometida. El punto quedó registrado para revisión. El caso fue registrado en el seguimiento semanal.,Cronograma,Sintético controlado,Media
764,Las pruebas consumieron dos días más de lo planeado y será necesario reprogramar el cierre del sprint. El caso fue registrado en el seguimiento semanal.,Cronograma,Sintético controlado,Media
765,El equipo informó que la incorporación del nuevo líder técnico requiere entrenamiento antes de asumir las tareas asignadas.,Recursos,Sintético controlado,Media
766,La aprobación requerida para continuar lleva quince días pendiente y bloquea el siguiente hito. La situación fue detectada antes del cierre de la iteración.,Cronograma,Sintético controlado,Media
767,La validación con usuarios inició tarde y el cierre de la fase tendrá que desplazarse. La situación requiere seguimiento.,Cronograma,Sintético controlado,Media
768,Una falla del módulo de pagos está obligando a repetir pruebas y podría afectar la fecha prevista de cierre. La situación requiere seguimiento. El caso fue registrado en el seguimiento semanal.,Técnico,Sintético controlado,Alta
769,"El equipo informó que una tarea crítica presenta errores, pero el especialista que conoce el componente no estará disponible esta semana. El punto quedó registrado para revisión.",Recursos,Sintético controlado,Alta
770,"En la última reunión se reportó que fue necesario adquirir capacidad adicional para el ambiente de pruebas, generando un desembolso no contemplado. El punto quedó registrado para revisión. El asunto fue escalado para definir el siguiente paso.",Costo,Sintético controlado,Media
771,"El equipo disponible es reducido, pero el bloqueo actual se origina en errores recurrentes de comunicación entre los sistemas. La situación requiere seguimiento. La novedad sigue abierta al cierre del reporte.",Técnico,Sintético controlado,Alta
772,En la revisión de avance se evidenció que la actividad de configuración no terminó en la fecha prevista y desplazará el cierre del sprint.,Cronograma,Sintético controlado,Media
773,La revisión del componente de facturación está detenida: la única persona con permisos y conocimiento se encuentra fuera del proyecto.,Recursos,Sintético controlado,Alta
774,Durante el seguimiento se identificó que los registros procesados por el pipeline presentan valores inconsistentes frente a la fuente original. El punto quedó registrado para revisión. La novedad sigue abierta al cierre del reporte.,Técnico,Sintético controlado,Media
775,El ambiente de pruebas pierde conexión con la base de datos de forma intermitente. El responsable confirmó que se requiere una acción de mitigación.,Técnico,Sintético controlado,Media
776,Los registros procesados por el pipeline presentan valores inconsistentes frente a la fuente original. La novedad sigue abierta al cierre del reporte.,Técnico,Sintético controlado,Media
777,Durante el seguimiento se identificó que el especialista de integración asignado al proyecto salió del equipo y todavía no se ha definido su reemplazo. La situación requiere seguimiento.,Recursos,Sintético controlado,Media
778,Durante el seguimiento se identificó que el certificación del módulo deberá moverse tres días porque una actividad previa continúa pendiente.,Cronograma,Sintético controlado,Media
779,El equipo informó que se requirió ampliar la capacidad del ambiente antes de continuar; esta espera mueve el inicio de la siguiente fase al siguiente periodo. El caso fue registrado en el seguimiento semanal.,Cronograma,Sintético controlado,Alta
780,En la última reunión se reportó que el inicio de la siguiente fase deberá moverse cuatro días porque una actividad previa continúa pendiente. El caso fue registrado en el seguimiento semanal.,Cronograma,Sintético controlado,Media
781,El equipo informó que el despliegue más reciente provocó un comportamiento inesperado en el API de consulta. La novedad sigue abierta al cierre del reporte.,Técnico,Sintético controlado,Media
782,La aprobación requerida para continuar lleva ocho días pendiente y bloquea el siguiente hito. La situación fue detectada antes del cierre de la iteración.,Cronograma,Sintético controlado,Media
783,El despliegue más reciente provocó un comportamiento inesperado en el ambiente de pruebas.,Técnico,Sintético controlado,Media
784,El proceso de sincronización falla cuando el volumen de transacciones supera el límite configurado. El punto quedó registrado para revisión. El asunto fue escalado para definir el siguiente paso.,Técnico,Sintético controlado,Media
785,El valor acumulado de la implementación ya consume más presupuesto del esperado para el nivel de avance actual. La situación requiere seguimiento.,Costo,Sintético controlado,Media
786,El API de consulta presenta bloqueos de concurrencia al aumentar el volumen de transacciones.,Técnico,Sintético controlado,Media
787,En la revisión de avance se evidenció que la actividad de configuración no terminó en la fecha prevista y desplazará el aprobación funcional.,Cronograma,Sintético controlado,Media
788,Se presentó una vacante inesperada en el equipo y varias responsabilidades quedaron sin responsable directo. La situación requiere seguimiento. El asunto fue escalado para definir el siguiente paso.,Recursos,Sintético controlado,Media
789,En la revisión de avance se evidenció que la aplicación consume más memoria de la esperada y se reinicia bajo alta carga. El responsable confirmó que se requiere una acción de mitigación.,Técnico,Sintético controlado,Media
790,La revisión del servicio de notificaciones está detenida: la única persona con permisos y conocimiento se encuentra fuera del proyecto. La situación requiere seguimiento.,Recursos,Sintético controlado,Alta
791,El avance de la iteración está por debajo de lo previsto y varias tareas pasarán al siguiente ciclo. El punto quedó registrado para revisión. El responsable confirmó que se requiere una acción de mitigación.,Cronograma,Sintético controlado,Media
792,En la última reunión se reportó que el área usuaria informó que la entrega del API de consulta tomará tres días adicionales. El asunto fue escalado para definir el siguiente paso.,Cronograma,Sintético controlado,Media
793,En la última reunión se reportó que una falla detectada en el servicio de notificaciones obligó a repetir pruebas y el cierre de la iteración se desplazará una semana.,Cronograma,Sintético controlado,Alta
794,La integración entre sistemas no está enviando correctamente todos los campos requeridos por el destino. La situación fue detectada antes del cierre de la iteración.,Técnico,Sintético controlado,Media
795,El valor acumulado de la implementación ya consume más presupuesto del esperado para el nivel de avance actual. La situación fue detectada antes del cierre de la iteración.,Costo,Sintético controlado,Media
796,La nueva cotización de el equipo funcional supera en 25 % el valor aprobado para el servicio. La situación requiere seguimiento.,Costo,Sintético controlado,Media
797,"Al ejecutar solicitudes simultáneas, el servicio responde con errores y deja operaciones incompletas.",Técnico,Sintético controlado,Media
798,Se requirió ampliar la capacidad del ambiente antes de continuar; esta espera mueve el salida a producción al siguiente periodo.,Cronograma,Sintético controlado,Alta
799,El único líder técnico disponible está atendiendo dos frentes simultáneos y no puede cubrir todas las solicitudes. El punto quedó registrado para revisión.,Recursos,Sintético controlado,Media
800,El equipo informó que la dependencia con el área de infraestructura no se resolvió a tiempo y la siguiente actividad comenzará más tarde. La situación requiere seguimiento.,Cronograma,Sintético controlado,Media
801,La integración entre sistemas no está enviando correctamente todos los campos requeridos por el destino. El asunto fue escalado para definir el siguiente paso.,Técnico,Sintético controlado,Media
802,"El proveedor puede mantener la fecha inicialmente acordada, pero únicamente con un servicio adicional de 24 millones de pesos. El punto quedó registrado para revisión.",Costo,Sintético controlado,Alta
803,En la revisión de avance se evidenció que la renovación de licencias requiere 24 millones de pesos más frente a la estimación inicial.,Costo,Sintético controlado,Media
804,El equipo informó que el equipo funcional informó que la entrega del motor de reglas tomará tres días adicionales.,Cronograma,Sintético controlado,Media
805,La validación no puede continuar porque el componente devuelve información inconsistente después del último despliegue. El punto quedó registrado para revisión.,Técnico,Sintético controlado,Alta
806,El único analista funcional disponible está atendiendo dos frentes simultáneos y no puede cubrir todas las solicitudes.,Recursos,Sintético controlado,Media
807,La renovación de licencias requiere 30 millones de pesos más frente a la estimación inicial.,Costo,Sintético controlado,Media
808,El equipo informó que el despliegue más reciente provocó un comportamiento inesperado en el motor de reglas.,Técnico,Sintético controlado,Media
809,En la revisión de avance se evidenció que el mecanismo de autenticación rechaza solicitudes válidas en algunos escenarios de prueba. El punto quedó registrado para revisión. El responsable confirmó que se requiere una acción de mitigación.,Técnico,Sintético controlado,Media
810,En la revisión de avance se evidenció que el aprobación funcional deberá moverse una semana porque una actividad previa continúa pendiente. La situación fue detectada antes del cierre de la iteración.,Cronograma,Sintético controlado,Media
811,Durante el seguimiento se identificó que la nueva cotización de el equipo funcional supera en 15 % el valor aprobado para el servicio. El punto quedó registrado para revisión.,Costo,Sintético controlado,Media
812,En la revisión de avance se evidenció que el integración con SAP presenta inconsistencias de datos durante la preparación del despliegue. La situación requiere seguimiento. El asunto fue escalado para definir el siguiente paso.,Técnico,Sintético controlado,Media
813,En la última reunión se reportó que el único desarrollador backend disponible está atendiendo dos frentes simultáneos y no puede cubrir todas las solicitudes.,Recursos,Sintético controlado,Media
814,En la revisión de avance se evidenció que el equipo funcional tendrá disponibilidad parcial durante las próximas semanas por asignaciones en otra iniciativa. El responsable confirmó que se requiere una acción de mitigación.,Recursos,Sintético controlado,Media
815,En la revisión de avance se evidenció que el despliegue más reciente provocó un comportamiento inesperado en el servicio de notificaciones. La situación requiere seguimiento. La situación fue detectada antes del cierre de la iteración.,Técnico,Sintético controlado,Media
816,El analista de pruebas asignado al proyecto salió del equipo y todavía no se ha definido su reemplazo.,Recursos,Sintético controlado,Media
817,En la revisión de avance se evidenció que una falla del flujo de onboarding está obligando a repetir pruebas y podría afectar la fecha prevista de cierre. El asunto fue escalado para definir el siguiente paso.,Técnico,Sintético controlado,Alta
818,La rotación reciente dejó al equipo sin suficiente experiencia sobre el flujo de onboarding. El punto quedó registrado para revisión. La situación fue detectada antes del cierre de la iteración.,Recursos,Sintético controlado,Media
819,En la última reunión se reportó que la actividad de configuración no terminó en la fecha prevista y desplazará el inicio de la siguiente fase. El punto quedó registrado para revisión.,Cronograma,Sintético controlado,Media
820,En la revisión de avance se evidenció que el valor acumulado de la implementación ya consume más presupuesto del esperado para el nivel de avance actual. La novedad sigue abierta al cierre del reporte.,Costo,Sintético controlado,Media
821,El consumo de infraestructura en la nube quedó por encima de lo estimado y aumentará el gasto mensual. La situación requiere seguimiento.,Costo,Sintético controlado,Media
822,El ambiente de pruebas pierde conexión con la base de datos de forma intermitente.,Técnico,Sintético controlado,Media
823,En la última reunión se reportó que la incorporación del nuevo ingeniero de datos requiere entrenamiento antes de asumir las tareas asignadas. El punto quedó registrado para revisión. La situación fue detectada antes del cierre de la iteración.,Recursos,Sintético controlado,Media
824,Durante el seguimiento se identificó que el equipo de pruebas no cuenta con suficientes analistas para cubrir todos los escenarios definidos. La situación requiere seguimiento.,Recursos,Sintético controlado,Media
825,Durante el seguimiento se identificó que el proveedor actualizó sus tarifas y el servicio quedará 12 % por encima del monto considerado inicialmente.,Costo,Sintético controlado,Media
826,Durante el seguimiento se identificó que el proveedor actualizó sus tarifas y el servicio quedará 20 % por encima del monto considerado inicialmente. La situación requiere seguimiento.,Costo,Sintético controlado,Media
827,El consumo de infraestructura en la nube quedó por encima de lo estimado y aumentará el gasto mensual. El caso fue registrado en el seguimiento semanal.,Costo,Sintético controlado,Media
828,"El equipo informó que para cubrir la falta de capacidad se evalúa contratar apoyo externo, aunque esto implicaría un gasto adicional. El asunto fue escalado para definir el siguiente paso.",Recursos,Sintético controlado,Alta
829,En la revisión de avance se evidenció que la revisión del servicio de notificaciones está detenida: la única persona con permisos y conocimiento se encuentra fuera del proyecto.,Recursos,Sintético controlado,Alta
830,En la última reunión se reportó que la validación con usuarios inició tarde y el cierre de la fase tendrá que desplazarse. El punto quedó registrado para revisión.,Cronograma,Sintético controlado,Media
831,"En la revisión de avance se evidenció que el proveedor pidió un ajuste adicional antes de entregar el componente, por lo que la fecha comprometida ya no podrá mantenerse. El punto quedó registrado para revisión.",Cronograma,Sintético controlado,Alta
832,"El equipo informó que fue necesario adquirir capacidad adicional para el pipeline de datos, generando un desembolso no contemplado. El asunto fue escalado para definir el siguiente paso.",Costo,Sintético controlado,Media
833,En la revisión de avance se evidenció que se requieren 24 millones de pesos adicionales para completar la contratación necesaria en esta fase. El punto quedó registrado para revisión. El caso fue registrado en el seguimiento semanal.,Costo,Sintético controlado,Media
834,El equipo informó que para evitar afectar la fecha de entrega se contratará capacidad adicional por 18 millones de pesos no presupuestados.,Costo,Sintético controlado,Alta
835,La revisión del servicio de notificaciones está detenida: la única persona con permisos y conocimiento se encuentra fuera del proyecto. El punto quedó registrado para revisión.,Recursos,Sintético controlado,Alta
836,El equipo informó que la integración entre sistemas no está enviando correctamente todos los campos requeridos por el destino.,Técnico,Sintético controlado,Media
837,El equipo informó que la revisión pendiente ha consumido dos semanas y todavía impide iniciar la actividad sucesora. La situación requiere seguimiento.,Cronograma,Sintético controlado,Media
838,El equipo informó que la incorporación del nuevo ingeniero de datos requiere entrenamiento antes de asumir las tareas asignadas.,Recursos,Sintético controlado,Media
839,Una falla detectada en el flujo de onboarding obligó a repetir pruebas y el aprobación funcional se desplazará dos semanas. La situación requiere seguimiento.,Cronograma,Sintético controlado,Alta
840,En la última reunión se reportó que la salida de un especialista exige contratar soporte externo y eleva el gasto previsto en 20 %. La situación requiere seguimiento. El responsable confirmó que se requiere una acción de mitigación.,Costo,Sintético controlado,Alta
841,El equipo informó que el único líder técnico disponible está atendiendo dos frentes simultáneos y no puede cubrir todas las solicitudes.,Recursos,Sintético controlado,Media
842,En la revisión de avance se evidenció que dos integrantes fueron trasladados a otra iniciativa y el equipo quedó con menor capacidad para atender las actividades. El asunto fue escalado para definir el siguiente paso.,Recursos,Sintético controlado,Media
843,La nueva cotización de el equipo de desarrollo supera en 25 % el valor aprobado para el servicio.,Costo,Sintético controlado,Media
844,La renovación de licencias requiere 24 millones de pesos más frente a la estimación inicial. El punto quedó registrado para revisión.,Costo,Sintético controlado,Media
845,En la revisión de avance se evidenció que la revisión pendiente ha consumido diez días y todavía impide iniciar la actividad sucesora. El caso fue registrado en el seguimiento semanal.,Cronograma,Sintético controlado,Media
846,El equipo no alcanzó a completar las pruebas porque parte de sus integrantes fue reasignada a una atención prioritaria. La situación requiere seguimiento.,Recursos,Sintético controlado,Alta
847,"Fue necesario adquirir capacidad adicional para el flujo de onboarding, generando un desembolso no contemplado. La situación fue detectada antes del cierre de la iteración.",Costo,Sintético controlado,Media
848,El líder técnico asignado al proyecto salió del equipo y todavía no se ha definido su reemplazo.,Recursos,Sintético controlado,Media
849,El único especialista de integración disponible está atendiendo dos frentes simultáneos y no puede cubrir todas las solicitudes. El punto quedó registrado para revisión. El caso fue registrado en el seguimiento semanal.,Recursos,Sintético controlado,Media
850,La compra de componentes adicionales incrementará en 15 millones de pesos el valor total previsto. El responsable confirmó que se requiere una acción de mitigación.,Costo,Sintético controlado,Media
851,Se requirió ampliar la capacidad del ambiente antes de continuar; esta espera mueve el despliegue productivo al siguiente periodo. El punto quedó registrado para revisión. La situación fue detectada antes del cierre de la iteración.,Cronograma,Sintético controlado,Alta
852,El despliegue más reciente provocó un comportamiento inesperado en el módulo de clientes. La novedad sigue abierta al cierre del reporte.,Técnico,Sintético controlado,Media
853,El equipo informó que el despliegue más reciente provocó un comportamiento inesperado en el módulo de pagos.,Técnico,Sintético controlado,Media
854,La rotación reciente dejó al equipo sin suficiente experiencia sobre el servicio de notificaciones. El punto quedó registrado para revisión.,Recursos,Sintético controlado,Media
855,Durante el seguimiento se identificó que el avance de la iteración está por debajo de lo previsto y varias tareas pasarán al siguiente ciclo. El caso fue registrado en el seguimiento semanal.,Cronograma,Sintético controlado,Media
856,En la última reunión se reportó que la aplicación consume más memoria de la esperada y se reinicia bajo alta carga.,Técnico,Sintético controlado,Media
857,En la revisión de avance se evidenció que una incompatibilidad en el ambiente de pruebas obliga a adquirir una licencia adicional por 12 millones de pesos.,Costo,Sintético controlado,Alta
858,Se requieren 6 millones de pesos adicionales para completar la contratación necesaria en esta fase. El punto quedó registrado para revisión. El caso fue registrado en el seguimiento semanal.,Costo,Sintético controlado,Media
859,El único líder técnico disponible está atendiendo dos frentes simultáneos y no puede cubrir todas las solicitudes.,Recursos,Sintético controlado,Media
860,El equipo informó que el tercero de integración informó que la entrega del ambiente de pruebas tomará diez días adicionales. La novedad sigue abierta al cierre del reporte.,Cronograma,Sintético controlado,Media
861,Las nuevas exigencias del área usuaria requieren más horas de desarrollo y aumentan el valor estimado en 30 %. La situación requiere seguimiento.,Costo,Sintético controlado,Alta
862,El equipo informó que el proceso de sincronización falla cuando el volumen de transacciones supera el límite configurado. La situación requiere seguimiento. El caso fue registrado en el seguimiento semanal.,Técnico,Sintético controlado,Media
863,El equipo informó que una falla del ambiente de pruebas está obligando a repetir pruebas y podría afectar la fecha prevista de cierre. La situación requiere seguimiento.,Técnico,Sintético controlado,Alta
864,El equipo informó que el proceso de sincronización falla cuando el volumen de transacciones supera el límite configurado. La situación requiere seguimiento. La situación fue detectada antes del cierre de la iteración.,Técnico,Sintético controlado,Media
865,El servicio requiere una actualización no planeada que además podría generar un gasto adicional de infraestructura.,Técnico,Sintético controlado,Alta
866,La rotación reciente dejó al equipo sin suficiente experiencia sobre el servicio de autenticación. El asunto fue escalado para definir el siguiente paso.,Recursos,Sintético controlado,Media
867,"Durante el seguimiento se identificó que fue necesario adquirir capacidad adicional para el portal transaccional, generando un desembolso no contemplado. El punto quedó registrado para revisión. La novedad sigue abierta al cierre del reporte.",Costo,Sintético controlado,Media
868,El equipo informó que el consumo de infraestructura en la nube quedó por encima de lo estimado y aumentará el gasto mensual. La situación requiere seguimiento.,Costo,Sintético controlado,Media
869,En la revisión de avance se evidenció que la salida de un especialista exige contratar soporte externo y eleva el gasto previsto en 22 %. El punto quedó registrado para revisión. El responsable confirmó que se requiere una acción de mitigación.,Costo,Sintético controlado,Alta
870,En la última reunión se reportó que la salida de un especialista exige contratar soporte externo y eleva el gasto previsto en 15 %. El punto quedó registrado para revisión.,Costo,Sintético controlado,Alta
871,Durante el seguimiento se identificó que la renovación de licencias requiere 6 millones de pesos más frente a la estimación inicial. La situación requiere seguimiento.,Costo,Sintético controlado,Media
872,En la última reunión se reportó que una falla detectada en el módulo de clientes obligó a repetir pruebas y el entrega del incremento se desplazará ocho días. El punto quedó registrado para revisión. El responsable confirmó que se requiere una acción de mitigación.,Cronograma,Sintético controlado,Alta
873,El equipo informó que la entrega del módulo de pagos fue reprogramada para una fecha posterior a la comprometida. El asunto fue escalado para definir el siguiente paso.,Cronograma,Sintético controlado,Media
874,En la revisión de avance se evidenció que la compra de componentes adicionales incrementará en 15 millones de pesos el valor total previsto.,Costo,Sintético controlado,Media
875,En la última reunión se reportó que el proceso de sincronización falla cuando el volumen de transacciones supera el límite configurado. La situación requiere seguimiento.,Técnico,Sintético controlado,Media
876,La nueva cotización de el líder de frente supera en 20 % el valor aprobado para el servicio. El punto quedó registrado para revisión.,Costo,Sintético controlado,Media
877,Durante el seguimiento se identificó que la ausencia temporal de un especialista dejó pendiente una validación y la entrega prevista deberá correrse quince días. La situación requiere seguimiento. El asunto fue escalado para definir el siguiente paso.,Cronograma,Sintético controlado,Alta
878,El módulo de clientes presenta errores intermitentes en el ambiente de certificación. El punto quedó registrado para revisión. El responsable confirmó que se requiere una acción de mitigación.,Técnico,Sintético controlado,Media
879,El equipo informó que las nuevas exigencias del área usuaria requieren más horas de desarrollo y aumentan el valor estimado en 8 %.,Costo,Sintético controlado,Alta
880,El equipo funcional tendrá disponibilidad parcial durante las próximas semanas por asignaciones en otra iniciativa. El punto quedó registrado para revisión. La situación fue detectada antes del cierre de la iteración.,Recursos,Sintético controlado,Media
881,La rotación reciente dejó al equipo sin suficiente experiencia sobre el flujo de onboarding. La situación requiere seguimiento.,Recursos,Sintético controlado,Media
882,Una nueva revisión de seguridad agregó actividades no previstas y el cierre del sprint quedará para la siguiente semana. La situación requiere seguimiento. El caso fue registrado en el seguimiento semanal.,Cronograma,Sintético controlado,Alta
883,El único desarrollador frontend disponible está atendiendo dos frentes simultáneos y no puede cubrir todas las solicitudes.,Recursos,Sintético controlado,Media
884,El equipo de pruebas no cuenta con suficientes analistas para cubrir todos los escenarios definidos. El punto quedó registrado para revisión. El asunto fue escalado para definir el siguiente paso.,Recursos,Sintético controlado,Media
885,La aplicación consume más memoria de la esperada y se reinicia bajo alta carga. El punto quedó registrado para revisión. La situación fue detectada antes del cierre de la iteración.,Técnico,Sintético controlado,Media
886,La renovación de licencias requiere 24 millones de pesos más frente a la estimación inicial.,Costo,Sintético controlado,Media
887,En la revisión de avance se evidenció que el equipo de pruebas no cuenta con suficientes analistas para cubrir todos los escenarios definidos. La situación fue detectada antes del cierre de la iteración.,Recursos,Sintético controlado,Media
888,La ausencia del especialista de integración dejó sin atender una configuración y podría mover el certificación del módulo.,Recursos,Sintético controlado,Alta
889,La aplicación consume más memoria de la esperada y se reinicia bajo alta carga. La novedad sigue abierta al cierre del reporte.,Técnico,Sintético controlado,Media
890,En la revisión de avance se evidenció que la aprobación requerida para continuar lleva cuatro días pendiente y bloquea el siguiente hito. La situación requiere seguimiento.,Cronograma,Sintético controlado,Media
891,El equipo informó que la incorporación del nuevo especialista de integración requiere entrenamiento antes de asumir las tareas asignadas. El asunto fue escalado para definir el siguiente paso.,Recursos,Sintético controlado,Media
892,En la última reunión se reportó que la compra de componentes adicionales incrementará en 30 millones de pesos el valor total previsto.,Costo,Sintético controlado,Media
893,En la revisión de avance se evidenció que el proceso de sincronización falla cuando el volumen de transacciones supera el límite configurado. El punto quedó registrado para revisión. La situación fue detectada antes del cierre de la iteración.,Técnico,Sintético controlado,Media
894,Durante el seguimiento se identificó que el equipo funcional tendrá disponibilidad parcial durante las próximas semanas por asignaciones en otra iniciativa.,Recursos,Sintético controlado,Media
895,En la revisión de avance se evidenció que no hay una persona con el conocimiento requerido para ejecutar la actividad especializada prevista. La situación requiere seguimiento. La situación fue detectada antes del cierre de la iteración.,Recursos,Sintético controlado,Media
896,El equipo informó que se requieren 42 millones de pesos adicionales para completar la contratación necesaria en esta fase. El punto quedó registrado para revisión.,Costo,Sintético controlado,Media
897,El equipo funcional tendrá disponibilidad parcial durante las próximas semanas por asignaciones en otra iniciativa.,Recursos,Sintético controlado,Media
898,El ambiente de pruebas pierde conexión con la base de datos de forma intermitente. El asunto fue escalado para definir el siguiente paso.,Técnico,Sintético controlado,Media
899,En la última reunión se reportó que el proveedor actualizó sus tarifas y el servicio quedará 12 % por encima del monto considerado inicialmente. El punto quedó registrado para revisión.,Costo,Sintético controlado,Media
900,La incorporación del nuevo desarrollador backend requiere entrenamiento antes de asumir las tareas asignadas.,Recursos,Sintético controlado,Media
901,En la última reunión se reportó que el único especialista de integración disponible está atendiendo dos frentes simultáneos y no puede cubrir todas las solicitudes. La situación requiere seguimiento. La novedad sigue abierta al cierre del reporte.,Recursos,Sintético controlado,Media
902,El motor de reglas presenta errores intermitentes durante la integración entre sistemas. La situación fue detectada antes del cierre de la iteración.,Técnico,Sintético controlado,Media
903,El equipo informó que el módulo de clientes presenta respuestas incompletas en el ambiente de certificación. El punto quedó registrado para revisión.,Técnico,Sintético controlado,Media
904,El portal transaccional presenta errores de sincronización al ejecutar los casos de prueba. El caso fue registrado en el seguimiento semanal.,Técnico,Sintético controlado,Media
905,"El proveedor entregó el componente a tiempo, pero la versión instalada no es compatible con el entorno actual. El punto quedó registrado para revisión.",Técnico,Sintético controlado,Alta
906,"En la revisión de avance se evidenció que fue necesario adquirir capacidad adicional para el API de consulta, generando un desembolso no contemplado. El punto quedó registrado para revisión. La situación fue detectada antes del cierre de la iteración.",Costo,Sintético controlado,Media
907,En la última reunión se reportó que el ambiente de pruebas pierde conexión con la base de datos de forma intermitente. La situación fue detectada antes del cierre de la iteración.,Técnico,Sintético controlado,Media
908,En la revisión de avance se evidenció que el servicio requiere una actualización no planeada que además podría generar un gasto adicional de infraestructura. El asunto fue escalado para definir el siguiente paso.,Técnico,Sintético controlado,Alta
909,El especialista de integración asignado al proyecto salió del equipo y todavía no se ha definido su reemplazo.,Recursos,Sintético controlado,Media
910,Durante el seguimiento se identificó que dos integrantes fueron trasladados a otra iniciativa y el equipo quedó con menor capacidad para atender las actividades. La novedad sigue abierta al cierre del reporte.,Recursos,Sintético controlado,Media
911,La entrega del servicio de autenticación fue reprogramada para una fecha posterior a la comprometida. La situación fue detectada antes del cierre de la iteración.,Cronograma,Sintético controlado,Media
912,En la revisión de avance se evidenció que el equipo de pruebas no cuenta con suficientes analistas para cubrir todos los escenarios definidos.,Recursos,Sintético controlado,Media
913,La compra de componentes adicionales incrementará en 15 millones de pesos el valor total previsto. La novedad sigue abierta al cierre del reporte.,Costo,Sintético controlado,Media
914,Durante el seguimiento se identificó que la integración entre sistemas no está enviando correctamente todos los campos requeridos por el destino.,Técnico,Sintético controlado,Media
915,Durante el seguimiento se identificó que el despliegue más reciente provocó un comportamiento inesperado en el API de consulta. El punto quedó registrado para revisión.,Técnico,Sintético controlado,Media
916,En la última reunión se reportó que el mecanismo de autenticación rechaza solicitudes válidas en algunos escenarios de prueba. La situación requiere seguimiento.,Técnico,Sintético controlado,Media
917,La entrega del servicio de notificaciones fue reprogramada para una fecha posterior a la comprometida.,Cronograma,Sintético controlado,Media
918,El equipo de desarrollo informó que la entrega del componente de facturación tomará una semana adicionales. El punto quedó registrado para revisión. La situación fue detectada antes del cierre de la iteración.,Cronograma,Sintético controlado,Media
919,En la última reunión se reportó que la ausencia del arquitecto de solución dejó sin atender una configuración y podría mover el salida a producción. La situación requiere seguimiento. El asunto fue escalado para definir el siguiente paso.,Recursos,Sintético controlado,Alta
920,Las pruebas consumieron tres días más de lo planeado y será necesario reprogramar el inicio de pruebas. La situación requiere seguimiento.,Cronograma,Sintético controlado,Media
921,La nueva cotización de el equipo de desarrollo supera en 20 % el valor aprobado para el servicio. La situación requiere seguimiento.,Costo,Sintético controlado,Media
922,En la revisión de avance se evidenció que las horas adicionales de consultoría agotaron la reserva económica prevista para esta etapa. La situación requiere seguimiento.,Costo,Sintético controlado,Media
923,En la revisión de avance se evidenció que el ambiente de pruebas pierde conexión con la base de datos de forma intermitente.,Técnico,Sintético controlado,Media
924,El equipo informó que la compra de componentes adicionales incrementará en 18 millones de pesos el valor total previsto.,Costo,Sintético controlado,Media
925,Durante el seguimiento se identificó que el avance de la iteración está por debajo de lo previsto y varias tareas pasarán al siguiente ciclo.,Cronograma,Sintético controlado,Media
926,La renovación de licencias requiere 15 millones de pesos más frente a la estimación inicial.,Costo,Sintético controlado,Media
927,Las pruebas consumieron tres días más de lo planeado y será necesario reprogramar el entrega del incremento. La situación requiere seguimiento. El responsable confirmó que se requiere una acción de mitigación.,Cronograma,Sintético controlado,Media
928,En la revisión de avance se evidenció que la nueva cotización de el tercero de integración supera en 22 % el valor aprobado para el servicio. La situación requiere seguimiento.,Costo,Sintético controlado,Media
929,El avance de la iteración está por debajo de lo previsto y varias tareas pasarán al siguiente ciclo.,Cronograma,Sintético controlado,Media
930,Una falla detectada en el módulo de clientes obligó a repetir pruebas y el despliegue productivo se desplazará quince días.,Cronograma,Sintético controlado,Alta
931,"Para cubrir la falta de capacidad se evalúa contratar apoyo externo, aunque esto implicaría un gasto adicional. El punto quedó registrado para revisión.",Recursos,Sintético controlado,Alta
932,En la revisión de avance se evidenció que la compra de componentes adicionales incrementará en 6 millones de pesos el valor total previsto.,Costo,Sintético controlado,Media
933,En la última reunión se reportó que el único desarrollador frontend disponible está atendiendo dos frentes simultáneos y no puede cubrir todas las solicitudes. El punto quedó registrado para revisión.,Recursos,Sintético controlado,Media
934,"El equipo informó que el proveedor puede mantener la fecha inicialmente acordada, pero únicamente con un servicio adicional de 12 millones de pesos.",Costo,Sintético controlado,Alta
935,El avance de la iteración está por debajo de lo previsto y varias tareas pasarán al siguiente ciclo. El punto quedó registrado para revisión. El asunto fue escalado para definir el siguiente paso.,Cronograma,Sintético controlado,Media
936,En la revisión de avance se evidenció que el consumo de infraestructura en la nube quedó por encima de lo estimado y aumentará el gasto mensual.,Costo,Sintético controlado,Media
937,El arquitecto de solución asignado al proyecto salió del equipo y todavía no se ha definido su reemplazo. La situación fue detectada antes del cierre de la iteración.,Recursos,Sintético controlado,Media
938,La compra de componentes adicionales incrementará en 30 millones de pesos el valor total previsto.,Costo,Sintético controlado,Media
939,En la revisión de avance se evidenció que la dependencia con el equipo funcional no se resolvió a tiempo y la siguiente actividad comenzará más tarde.,Cronograma,Sintético controlado,Media
940,El equipo informó que el mecanismo de autenticación rechaza solicitudes válidas en algunos escenarios de prueba. El punto quedó registrado para revisión.,Técnico,Sintético controlado,Media
941,En la última reunión se reportó que la revisión del módulo de pagos está detenida: la única persona con permisos y conocimiento se encuentra fuera del proyecto.,Recursos,Sintético controlado,Alta
942,El avance de la iteración está por debajo de lo previsto y varias tareas pasarán al siguiente ciclo. El caso fue registrado en el seguimiento semanal.,Cronograma,Sintético controlado,Media
943,El equipo informó que la entrega del flujo de onboarding fue reprogramada para una fecha posterior a la comprometida.,Cronograma,Sintético controlado,Media
944,La carga de trabajo actual supera la disponibilidad del equipo durante esta iteración. La novedad sigue abierta al cierre del reporte.,Recursos,Sintético controlado,Media
945,Durante el seguimiento se identificó que la compra de componentes adicionales incrementará en 15 millones de pesos el valor total previsto. El caso fue registrado en el seguimiento semanal.,Costo,Sintético controlado,Media
946,El equipo informó que se presentó una vacante inesperada en el equipo y varias responsabilidades quedaron sin responsable directo. La situación requiere seguimiento. La novedad sigue abierta al cierre del reporte.,Recursos,Sintético controlado,Media
947,El avance de la iteración está por debajo de lo previsto y varias tareas pasarán al siguiente ciclo. La situación requiere seguimiento. El asunto fue escalado para definir el siguiente paso.,Cronograma,Sintético controlado,Media
948,"El equipo informó que el proveedor pidió un ajuste adicional antes de entregar el componente, por lo que la fecha comprometida ya no podrá mantenerse. El punto quedó registrado para revisión.",Cronograma,Sintético controlado,Alta
949,En la última reunión se reportó que las pruebas consumieron tres días más de lo planeado y será necesario reprogramar el cierre de la iteración. La situación requiere seguimiento.,Cronograma,Sintético controlado,Media
950,Se presentó una vacante inesperada en el equipo y varias responsabilidades quedaron sin responsable directo. El punto quedó registrado para revisión. El asunto fue escalado para definir el siguiente paso.,Recursos,Sintético controlado,Media
951,La salida de un especialista exige contratar soporte externo y eleva el gasto previsto en 30 %.,Costo,Sintético controlado,Alta
952,Se requieren 6 millones de pesos adicionales para completar la contratación necesaria en esta fase. La situación requiere seguimiento.,Costo,Sintético controlado,Media
953,En la última reunión se reportó que la entrega del servicio de autenticación fue reprogramada para una fecha posterior a la comprometida. El punto quedó registrado para revisión.,Cronograma,Sintético controlado,Media
954,"En la última reunión se reportó que para cubrir la falta de capacidad se evalúa contratar apoyo externo, aunque esto implicaría un gasto adicional.",Recursos,Sintético controlado,Alta
955,Durante el seguimiento se identificó que el valor acumulado de la implementación ya consume más presupuesto del esperado para el nivel de avance actual. La novedad sigue abierta al cierre del reporte.,Costo,Sintético controlado,Media
956,Durante el seguimiento se identificó que la rotación reciente dejó al equipo sin suficiente experiencia sobre el portal transaccional. El punto quedó registrado para revisión.,Recursos,Sintético controlado,Media
957,"Durante el seguimiento se identificó que fue necesario adquirir capacidad adicional para el servicio de autenticación, generando un desembolso no contemplado.",Costo,Sintético controlado,Media
958,Dos integrantes fueron trasladados a otra iniciativa y el equipo quedó con menor capacidad para atender las actividades. La situación requiere seguimiento. El asunto fue escalado para definir el siguiente paso.,Recursos,Sintético controlado,Media
959,La salida de un especialista exige contratar soporte externo y eleva el gasto previsto en 20 %. La novedad sigue abierta al cierre del reporte.,Costo,Sintético controlado,Alta
960,Durante el seguimiento se identificó que el único líder técnico disponible está atendiendo dos frentes simultáneos y no puede cubrir todas las solicitudes.,Recursos,Sintético controlado,Media
961,Una incompatibilidad en el ambiente de pruebas obliga a adquirir una licencia adicional por 15 millones de pesos.,Costo,Sintético controlado,Alta
962,El equipo informó que la ausencia temporal de un especialista dejó pendiente una validación y la entrega prevista deberá correrse cuatro días. El responsable confirmó que se requiere una acción de mitigación.,Cronograma,Sintético controlado,Alta
963,"El proveedor entregó el componente a tiempo, pero la versión instalada no es compatible con el entorno actual. La situación requiere seguimiento. La situación fue detectada antes del cierre de la iteración.",Técnico,Sintético controlado,Alta
964,La revisión del portal transaccional está detenida: la única persona con permisos y conocimiento se encuentra fuera del proyecto. El punto quedó registrado para revisión.,Recursos,Sintético controlado,Alta
965,Dos integrantes fueron trasladados a otra iniciativa y el equipo quedó con menor capacidad para atender las actividades. La situación requiere seguimiento.,Recursos,Sintético controlado,Media
966,Durante el seguimiento se identificó que la compra de componentes adicionales incrementará en 18 millones de pesos el valor total previsto. El asunto fue escalado para definir el siguiente paso.,Costo,Sintético controlado,Media
967,"El equipo informó que para cubrir la falta de capacidad se evalúa contratar apoyo externo, aunque esto implicaría un gasto adicional. La novedad sigue abierta al cierre del reporte.",Recursos,Sintético controlado,Alta
968,El despliegue más reciente provocó un comportamiento inesperado en el componente de facturación. El punto quedó registrado para revisión.,Técnico,Sintético controlado,Media
969,En la última reunión se reportó que la carga de trabajo actual supera la disponibilidad del equipo durante esta iteración. La novedad sigue abierta al cierre del reporte.,Recursos,Sintético controlado,Media
970,Se requieren 18 millones de pesos adicionales para completar la contratación necesaria en esta fase.,Costo,Sintético controlado,Media
971,Los registros procesados por el pipeline presentan valores inconsistentes frente a la fuente original. El punto quedó registrado para revisión. La novedad sigue abierta al cierre del reporte.,Técnico,Sintético controlado,Media
972,Durante el seguimiento se identificó que el mecanismo de autenticación rechaza solicitudes válidas en algunos escenarios de prueba. La situación requiere seguimiento.,Técnico,Sintético controlado,Media
973,El equipo informó que los registros procesados por el pipeline presentan valores inconsistentes frente a la fuente original. El asunto fue escalado para definir el siguiente paso.,Técnico,Sintético controlado,Media
974,Los reprocesos de esta fase demandaron horas de consultoría que no estaban incluidas en la estimación original. La situación fue detectada antes del cierre de la iteración.,Costo,Sintético controlado,Media
975,El API de consulta presenta errores intermitentes al aumentar el volumen de transacciones.,Técnico,Sintético controlado,Media
976,El equipo informó que la incorporación del nuevo ingeniero de datos requiere entrenamiento antes de asumir las tareas asignadas. La situación requiere seguimiento.,Recursos,Sintético controlado,Media
977,Durante el seguimiento se identificó que el ambiente de pruebas pierde conexión con la base de datos de forma intermitente. La situación requiere seguimiento. El responsable confirmó que se requiere una acción de mitigación.,Técnico,Sintético controlado,Media
978,La revisión pendiente ha consumido dos días y todavía impide iniciar la actividad sucesora. La novedad sigue abierta al cierre del reporte.,Cronograma,Sintético controlado,Media
979,En la última reunión se reportó que la integración entre sistemas no está enviando correctamente todos los campos requeridos por el destino.,Técnico,Sintético controlado,Media
980,El equipo funcional tendrá disponibilidad parcial durante las próximas semanas por asignaciones en otra iniciativa. La situación requiere seguimiento. La novedad sigue abierta al cierre del reporte.,Recursos,Sintético controlado,Media
981,La nueva cotización de el área de infraestructura supera en 25 % el valor aprobado para el servicio. El punto quedó registrado para revisión.,Costo,Sintético controlado,Media
982,Durante el seguimiento se identificó que la validación no puede continuar porque el componente devuelve información inconsistente después del último despliegue. El asunto fue escalado para definir el siguiente paso.,Técnico,Sintético controlado,Alta
983,En la revisión de avance se evidenció que se detectó una incompatibilidad entre la versión actual del componente y una librería necesaria para la solución. El punto quedó registrado para revisión. El responsable confirmó que se requiere una acción de mitigación.,Técnico,Sintético controlado,Media
984,En la revisión de avance se evidenció que el único analista funcional disponible está atendiendo dos frentes simultáneos y no puede cubrir todas las solicitudes. La situación requiere seguimiento.,Recursos,Sintético controlado,Media
985,En la revisión de avance se evidenció que el despliegue más reciente provocó un comportamiento inesperado en el módulo de pagos.,Técnico,Sintético controlado,Media
986,En la revisión de avance se evidenció que las pruebas consumieron dos semanas más de lo planeado y será necesario reprogramar el cierre del sprint. El punto quedó registrado para revisión. El caso fue registrado en el seguimiento semanal.,Cronograma,Sintético controlado,Media
987,Durante el seguimiento se identificó que la aplicación consume más memoria de la esperada y se reinicia bajo alta carga. La situación requiere seguimiento.,Técnico,Sintético controlado,Media
988,En la última reunión se reportó que el arquitecto de solución asignado al proyecto salió del equipo y todavía no se ha definido su reemplazo. El punto quedó registrado para revisión.,Recursos,Sintético controlado,Media
989,Dos integrantes fueron trasladados a otra iniciativa y el equipo quedó con menor capacidad para atender las actividades. El punto quedó registrado para revisión. El asunto fue escalado para definir el siguiente paso.,Recursos,Sintético controlado,Media
990,El avance de la iteración está por debajo de lo previsto y varias tareas pasarán al siguiente ciclo. El punto quedó registrado para revisión.,Cronograma,Sintético controlado,Media
991,La entrega del pipeline de datos fue reprogramada para una fecha posterior a la comprometida. La situación requiere seguimiento.,Cronograma,Sintético controlado,Media
992,En la revisión de avance se evidenció que la aprobación requerida para continuar lleva quince días pendiente y bloquea el siguiente hito. El asunto fue escalado para definir el siguiente paso.,Cronograma,Sintético controlado,Media
993,La nueva cotización de el proveedor de nube supera en 15 % el valor aprobado para el servicio. La situación fue detectada antes del cierre de la iteración.,Costo,Sintético controlado,Media
994,El despliegue más reciente provocó un comportamiento inesperado en el motor de reglas. La situación requiere seguimiento.,Técnico,Sintético controlado,Media
995,Las nuevas exigencias del área usuaria requieren más horas de desarrollo y aumentan el valor estimado en 18 %. La situación fue detectada antes del cierre de la iteración.,Costo,Sintético controlado,Alta
996,En la última reunión se reportó que las pruebas consumieron dos días más de lo planeado y será necesario reprogramar el cierre de la iteración.,Cronograma,Sintético controlado,Media
997,"Durante el seguimiento se identificó que una tarea crítica presenta errores, pero el especialista que conoce el componente no estará disponible esta semana. El asunto fue escalado para definir el siguiente paso.",Recursos,Sintético controlado,Alta
998,El equipo funcional tendrá disponibilidad parcial durante las próximas semanas por asignaciones en otra iniciativa. La situación requiere seguimiento. La situación fue detectada antes del cierre de la iteración.,Recursos,Sintético controlado,Media
999,En la revisión de avance se evidenció que el cierre de la iteración deberá moverse tres días porque una actividad previa continúa pendiente.,Cronograma,Sintético controlado,Media
1000,Durante el seguimiento se identificó que se presentó una vacante inesperada en el equipo y varias responsabilidades quedaron sin responsable directo. La situación fue detectada antes del cierre de la iteración.,Recursos,Sintético controlado,Media
1001,"Durante el seguimiento se identificó que una tarea crítica presenta errores, pero el especialista que conoce el componente no estará disponible esta semana. La situación requiere seguimiento. La novedad sigue abierta al cierre del reporte.",Recursos,Sintético controlado,Alta
1002,El consumo de infraestructura en la nube quedó por encima de lo estimado y aumentará el gasto mensual.,Costo,Sintético controlado,Media
1003,"Fue necesario adquirir capacidad adicional para el módulo de pagos, generando un desembolso no contemplado. La situación fue detectada antes del cierre de la iteración.",Costo,Sintético controlado,Media
1004,El desarrollador frontend asignado al proyecto salió del equipo y todavía no se ha definido su reemplazo. El punto quedó registrado para revisión. La situación fue detectada antes del cierre de la iteración.,Recursos,Sintético controlado,Media
1005,El único ingeniero de datos disponible está atendiendo dos frentes simultáneos y no puede cubrir todas las solicitudes. El punto quedó registrado para revisión.,Recursos,Sintético controlado,Media
1006,El despliegue más reciente provocó un comportamiento inesperado en el pipeline de datos. La situación requiere seguimiento. El asunto fue escalado para definir el siguiente paso.,Técnico,Sintético controlado,Media
1007,El equipo informó que el despliegue más reciente provocó un comportamiento inesperado en el motor de reglas. El responsable confirmó que se requiere una acción de mitigación.,Técnico,Sintético controlado,Media
1008,En la última reunión se reportó que la validación con usuarios inició tarde y el cierre de la fase tendrá que desplazarse.,Cronograma,Sintético controlado,Media
1009,El equipo informó que el despliegue más reciente provocó un comportamiento inesperado en el API de consulta.,Técnico,Sintético controlado,Media
1010,La ausencia temporal de un especialista dejó pendiente una validación y la entrega prevista deberá correrse una semana.,Cronograma,Sintético controlado,Alta
1011,La ausencia temporal de un especialista dejó pendiente una validación y la entrega prevista deberá correrse cuatro días. El asunto fue escalado para definir el siguiente paso.,Cronograma,Sintético controlado,Alta
1012,En la revisión de avance se evidenció que los reprocesos de esta fase demandaron horas de consultoría que no estaban incluidas en la estimación original. La situación requiere seguimiento. La novedad sigue abierta al cierre del reporte.,Costo,Sintético controlado,Media
1013,En la última reunión se reportó que se detectó una incompatibilidad entre la versión actual del componente y una librería necesaria para la solución. El asunto fue escalado para definir el siguiente paso.,Técnico,Sintético controlado,Media
1014,"Durante el seguimiento se identificó que fue necesario adquirir capacidad adicional para el integración con SAP, generando un desembolso no contemplado.",Costo,Sintético controlado,Media
1015,La aprobación requerida para continuar lleva una semana pendiente y bloquea el siguiente hito. El punto quedó registrado para revisión. La novedad sigue abierta al cierre del reporte.,Cronograma,Sintético controlado,Media
1016,En la revisión de avance se evidenció que se requieren 18 millones de pesos adicionales para completar la contratación necesaria en esta fase. El caso fue registrado en el seguimiento semanal.,Costo,Sintético controlado,Media
1017,Durante el seguimiento se identificó que las pruebas consumieron dos días más de lo planeado y será necesario reprogramar el aprobación funcional. El caso fue registrado en el seguimiento semanal.,Cronograma,Sintético controlado,Media
1018,Se requieren 18 millones de pesos adicionales para completar la contratación necesaria en esta fase. El punto quedó registrado para revisión.,Costo,Sintético controlado,Media
1019,Durante el seguimiento se identificó que el inicio de la siguiente fase deberá moverse quince días porque una actividad previa continúa pendiente.,Cronograma,Sintético controlado,Media
1020,La incorporación del nuevo analista funcional requiere entrenamiento antes de asumir las tareas asignadas. El punto quedó registrado para revisión.,Recursos,Sintético controlado,Media
1021,En la última reunión se reportó que el ambiente de pruebas pierde conexión con la base de datos de forma intermitente. La situación requiere seguimiento.,Técnico,Sintético controlado,Media
1022,La actividad de configuración no terminó en la fecha prevista y desplazará el certificación del módulo. El punto quedó registrado para revisión.,Cronograma,Sintético controlado,Media
1023,Las pruebas consumieron tres días más de lo planeado y será necesario reprogramar el entrega del incremento. El punto quedó registrado para revisión.,Cronograma,Sintético controlado,Media
1024,El equipo informó que para evitar afectar la fecha de entrega se contratará capacidad adicional por 42 millones de pesos no presupuestados. El caso fue registrado en el seguimiento semanal.,Costo,Sintético controlado,Alta
1025,Dos integrantes fueron trasladados a otra iniciativa y el equipo quedó con menor capacidad para atender las actividades. El responsable confirmó que se requiere una acción de mitigación.,Recursos,Sintético controlado,Media
1026,La revisión pendiente ha consumido diez días y todavía impide iniciar la actividad sucesora.,Cronograma,Sintético controlado,Media
1027,El equipo informó que el área de infraestructura informó que la entrega del API de consulta tomará quince días adicionales. El punto quedó registrado para revisión.,Cronograma,Sintético controlado,Media
1028,Durante el seguimiento se identificó que la validación con usuarios inició tarde y el cierre de la fase tendrá que desplazarse.,Cronograma,Sintético controlado,Media
1029,El equipo informó que el servicio requiere una actualización no planeada que además podría generar un gasto adicional de infraestructura. El punto quedó registrado para revisión.,Técnico,Sintético controlado,Alta
1030,La entrega del portal transaccional fue reprogramada para una fecha posterior a la comprometida. El punto quedó registrado para revisión.,Cronograma,Sintético controlado,Media
1031,"El equipo disponible es reducido, pero el bloqueo actual se origina en errores recurrentes de comunicación entre los sistemas. El caso fue registrado en el seguimiento semanal.",Técnico,Sintético controlado,Alta
1032,El equipo informó que la validación con usuarios inició tarde y el cierre de la fase tendrá que desplazarse. El responsable confirmó que se requiere una acción de mitigación.,Cronograma,Sintético controlado,Media
1033,Para evitar afectar la fecha de entrega se contratará capacidad adicional por 15 millones de pesos no presupuestados.,Costo,Sintético controlado,Alta
1034,El equipo informó que la aplicación consume más memoria de la esperada y se reinicia bajo alta carga. La novedad sigue abierta al cierre del reporte.,Técnico,Sintético controlado,Media
1035,La incorporación del nuevo ingeniero DevOps requiere entrenamiento antes de asumir las tareas asignadas. El punto quedó registrado para revisión. La situación fue detectada antes del cierre de la iteración.,Recursos,Sintético controlado,Media
1036,En la última reunión se reportó que el equipo de pruebas no cuenta con suficientes analistas para cubrir todos los escenarios definidos. La situación requiere seguimiento.,Recursos,Sintético controlado,Media
1037,"En la revisión de avance se evidenció que fue necesario adquirir capacidad adicional para el integración con SAP, generando un desembolso no contemplado. La novedad sigue abierta al cierre del reporte.",Costo,Sintético controlado,Media
1038,En la última reunión se reportó que la rotación reciente dejó al equipo sin suficiente experiencia sobre el componente de facturación.,Recursos,Sintético controlado,Media
1039,El despliegue más reciente provocó un comportamiento inesperado en el API de consulta.,Técnico,Sintético controlado,Media
1040,Durante el seguimiento se identificó que la validación no puede continuar porque el componente devuelve información inconsistente después del último despliegue. La situación requiere seguimiento.,Técnico,Sintético controlado,Alta
1041,En la revisión de avance se evidenció que el valor acumulado de la implementación ya consume más presupuesto del esperado para el nivel de avance actual. El asunto fue escalado para definir el siguiente paso.,Costo,Sintético controlado,Media
1042,Durante el seguimiento se identificó que el despliegue más reciente provocó un comportamiento inesperado en el módulo de pagos. La situación requiere seguimiento. El asunto fue escalado para definir el siguiente paso.,Técnico,Sintético controlado,Media
1043,El equipo informó que el proveedor actualizó sus tarifas y el servicio quedará 20 % por encima del monto considerado inicialmente.,Costo,Sintético controlado,Media
1044,El equipo no alcanzó a completar las pruebas porque parte de sus integrantes fue reasignada a una atención prioritaria. La novedad sigue abierta al cierre del reporte.,Recursos,Sintético controlado,Alta
1045,"El equipo informó que el proveedor puede mantener la fecha inicialmente acordada, pero únicamente con un servicio adicional de 18 millones de pesos. El punto quedó registrado para revisión.",Costo,Sintético controlado,Alta
1046,El equipo informó que una falla del motor de reglas está obligando a repetir pruebas y podría afectar la fecha prevista de cierre.,Técnico,Sintético controlado,Alta
1047,"El equipo informó que fue necesario adquirir capacidad adicional para el portal transaccional, generando un desembolso no contemplado. La situación requiere seguimiento. La novedad sigue abierta al cierre del reporte.",Costo,Sintético controlado,Media
1048,El despliegue más reciente provocó un comportamiento inesperado en el servicio de autenticación. La situación fue detectada antes del cierre de la iteración.,Técnico,Sintético controlado,Media
1049,La dependencia con el equipo funcional no se resolvió a tiempo y la siguiente actividad comenzará más tarde. La novedad sigue abierta al cierre del reporte.,Cronograma,Sintético controlado,Media
1050,En la última reunión se reportó que la renovación de licencias requiere 18 millones de pesos más frente a la estimación inicial. La novedad sigue abierta al cierre del reporte.,Costo,Sintético controlado,Media
1051,El equipo informó que una falla detectada en el integración con SAP obligó a repetir pruebas y el validación con usuarios se desplazará una semana. El responsable confirmó que se requiere una acción de mitigación.,Cronograma,Sintético controlado,Alta
1052,"El equipo informó que el proveedor entregó el componente a tiempo, pero la versión instalada no es compatible con el entorno actual. El responsable confirmó que se requiere una acción de mitigación.",Técnico,Sintético controlado,Alta
1053,Durante el seguimiento se identificó que el mecanismo de autenticación rechaza solicitudes válidas en algunos escenarios de prueba. El punto quedó registrado para revisión.,Técnico,Sintético controlado,Media
1054,En la última reunión se reportó que los registros procesados por el pipeline presentan valores inconsistentes frente a la fuente original. La novedad sigue abierta al cierre del reporte.,Técnico,Sintético controlado,Media
1055,La revisión del componente de facturación está detenida: la única persona con permisos y conocimiento se encuentra fuera del proyecto. El punto quedó registrado para revisión.,Recursos,Sintético controlado,Alta
1056,En la revisión de avance se evidenció que las nuevas exigencias del área usuaria requieren más horas de desarrollo y aumentan el valor estimado en 15 %. La novedad sigue abierta al cierre del reporte.,Costo,Sintético controlado,Alta
1057,En la última reunión se reportó que el servicio requiere una actualización no planeada que además podría generar un gasto adicional de infraestructura. El asunto fue escalado para definir el siguiente paso.,Técnico,Sintético controlado,Alta
1058,La entrega del motor de reglas fue reprogramada para una fecha posterior a la comprometida.,Cronograma,Sintético controlado,Media
1059,El mecanismo de autenticación rechaza solicitudes válidas en algunos escenarios de prueba. La novedad sigue abierta al cierre del reporte.,Técnico,Sintético controlado,Media
1060,En la revisión de avance se evidenció que el área usuaria informó que la entrega del motor de reglas tomará quince días adicionales. El responsable confirmó que se requiere una acción de mitigación.,Cronograma,Sintético controlado,Media
1061,La carga de trabajo actual supera la disponibilidad del equipo durante esta iteración. La situación fue detectada antes del cierre de la iteración.,Recursos,Sintético controlado,Media
1062,En la última reunión se reportó que el ingeniero DevOps asignado al proyecto salió del equipo y todavía no se ha definido su reemplazo. El punto quedó registrado para revisión.,Recursos,Sintético controlado,Media
1063,Durante el seguimiento se identificó que el módulo de clientes presenta consumo excesivo de memoria en el último ciclo de validación.,Técnico,Sintético controlado,Media
1064,Durante el seguimiento se identificó que la incorporación del nuevo especialista de integración requiere entrenamiento antes de asumir las tareas asignadas.,Recursos,Sintético controlado,Media
1065,Durante el seguimiento se identificó que el despliegue más reciente provocó un comportamiento inesperado en el módulo de pagos. El punto quedó registrado para revisión.,Técnico,Sintético controlado,Media
1066,La revisión pendiente ha consumido tres días y todavía impide iniciar la actividad sucesora. La situación requiere seguimiento. El caso fue registrado en el seguimiento semanal.,Cronograma,Sintético controlado,Media
1067,El cierre de la iteración deberá moverse tres días porque una actividad previa continúa pendiente. La situación requiere seguimiento.,Cronograma,Sintético controlado,Media
1068,El inicio de pruebas deberá moverse ocho días porque una actividad previa continúa pendiente. El caso fue registrado en el seguimiento semanal.,Cronograma,Sintético controlado,Media
1069,La actividad de configuración no terminó en la fecha prevista y desplazará el inicio de pruebas.,Cronograma,Sintético controlado,Media
1070,En la revisión de avance se evidenció que no hay una persona con el conocimiento requerido para ejecutar la actividad especializada prevista. El punto quedó registrado para revisión.,Recursos,Sintético controlado,Media
1071,La dependencia con el equipo de desarrollo no se resolvió a tiempo y la siguiente actividad comenzará más tarde. La novedad sigue abierta al cierre del reporte.,Cronograma,Sintético controlado,Media
1072,La entrega del servicio de autenticación fue reprogramada para una fecha posterior a la comprometida. El punto quedó registrado para revisión.,Cronograma,Sintético controlado,Media
1073,El equipo informó que no hay una persona con el conocimiento requerido para ejecutar la actividad especializada prevista. La novedad sigue abierta al cierre del reporte.,Recursos,Sintético controlado,Media
1074,Las horas adicionales de consultoría agotaron la reserva económica prevista para esta etapa. La situación requiere seguimiento. La novedad sigue abierta al cierre del reporte.,Costo,Sintético controlado,Media
1075,El equipo informó que el cierre de la iteración deberá moverse cuatro días porque una actividad previa continúa pendiente.,Cronograma,Sintético controlado,Media
1076,En la revisión de avance se evidenció que la rotación reciente dejó al equipo sin suficiente experiencia sobre el portal transaccional. La situación requiere seguimiento. El asunto fue escalado para definir el siguiente paso.,Recursos,Sintético controlado,Media
1077,El equipo informó que las pruebas consumieron dos semanas más de lo planeado y será necesario reprogramar el salida a producción. La novedad sigue abierta al cierre del reporte.,Cronograma,Sintético controlado,Media
1078,En la revisión de avance se evidenció que la nueva cotización de el área usuaria supera en 18 % el valor aprobado para el servicio. El punto quedó registrado para revisión. El responsable confirmó que se requiere una acción de mitigación.,Costo,Sintético controlado,Media
1079,La renovación de licencias requiere 15 millones de pesos más frente a la estimación inicial. El punto quedó registrado para revisión.,Costo,Sintético controlado,Media
1080,El portal transaccional presenta respuestas incompletas durante las pruebas integrales.,Técnico,Sintético controlado,Media
1081,El equipo informó que la entrega del servicio de notificaciones fue reprogramada para una fecha posterior a la comprometida. La situación requiere seguimiento. La novedad sigue abierta al cierre del reporte.,Cronograma,Sintético controlado,Media
1082,En la última reunión se reportó que la entrega del módulo de clientes fue reprogramada para una fecha posterior a la comprometida.,Cronograma,Sintético controlado,Media
1083,La entrega del motor de reglas fue reprogramada para una fecha posterior a la comprometida. La situación requiere seguimiento. La novedad sigue abierta al cierre del reporte.,Cronograma,Sintético controlado,Media
1084,Las nuevas exigencias del área usuaria requieren más horas de desarrollo y aumentan el valor estimado en 18 %.,Costo,Sintético controlado,Alta
1085,Durante el seguimiento se identificó que la actividad de configuración no terminó en la fecha prevista y desplazará el certificación del módulo. El responsable confirmó que se requiere una acción de mitigación.,Cronograma,Sintético controlado,Media
1086,El equipo informó que el equipo de pruebas no cuenta con suficientes analistas para cubrir todos los escenarios definidos. La situación requiere seguimiento. La novedad sigue abierta al cierre del reporte.,Recursos,Sintético controlado,Media
1087,La entrega del motor de reglas fue reprogramada para una fecha posterior a la comprometida. El responsable confirmó que se requiere una acción de mitigación.,Cronograma,Sintético controlado,Media
1088,"El equipo informó que una tarea crítica presenta errores, pero el especialista que conoce el componente no estará disponible esta semana.",Recursos,Sintético controlado,Alta
1089,La carga de trabajo actual supera la disponibilidad del equipo durante esta iteración. La situación requiere seguimiento.,Recursos,Sintético controlado,Media
1090,En la revisión de avance se evidenció que la nueva cotización de el equipo de pruebas supera en 30 % el valor aprobado para el servicio. El asunto fue escalado para definir el siguiente paso.,Costo,Sintético controlado,Media
1091,El equipo informó que el componente de facturación presenta errores intermitentes al ejecutar los casos de prueba. La situación requiere seguimiento. El caso fue registrado en el seguimiento semanal.,Técnico,Sintético controlado,Media
1092,Durante el seguimiento se identificó que el único administrador de base de datos disponible está atendiendo dos frentes simultáneos y no puede cubrir todas las solicitudes.,Recursos,Sintético controlado,Media
1093,En la última reunión se reportó que el equipo de pruebas no cuenta con suficientes analistas para cubrir todos los escenarios definidos. La novedad sigue abierta al cierre del reporte.,Recursos,Sintético controlado,Media
1094,El equipo informó que la revisión pendiente ha consumido una semana y todavía impide iniciar la actividad sucesora. El punto quedó registrado para revisión. El asunto fue escalado para definir el siguiente paso.,Cronograma,Sintético controlado,Media
1095,En la revisión de avance se evidenció que el avance de la iteración está por debajo de lo previsto y varias tareas pasarán al siguiente ciclo. La situación requiere seguimiento.,Cronograma,Sintético controlado,Media
1096,Las pruebas consumieron quince días más de lo planeado y será necesario reprogramar el aprobación funcional. La situación requiere seguimiento.,Cronograma,Sintético controlado,Media
1097,El ambiente de pruebas pierde conexión con la base de datos de forma intermitente. El punto quedó registrado para revisión. La situación fue detectada antes del cierre de la iteración.,Técnico,Sintético controlado,Media
1098,En la última reunión se reportó que el despliegue más reciente provocó un comportamiento inesperado en el módulo de clientes.,Técnico,Sintético controlado,Media
1099,Las pruebas consumieron ocho días más de lo planeado y será necesario reprogramar el cierre de la iteración. El punto quedó registrado para revisión.,Cronograma,Sintético controlado,Media
1100,La renovación de licencias requiere 18 millones de pesos más frente a la estimación inicial. La situación requiere seguimiento.,Costo,Sintético controlado,Media
1101,En la última reunión se reportó que el ambiente de pruebas presenta latencia elevada en el ambiente de certificación. La situación fue detectada antes del cierre de la iteración.,Técnico,Sintético controlado,Media
1102,"En la revisión de avance se evidenció que el proveedor entregó el componente a tiempo, pero la versión instalada no es compatible con el entorno actual.",Técnico,Sintético controlado,Alta
1103,Los reprocesos de esta fase demandaron horas de consultoría que no estaban incluidas en la estimación original. La novedad sigue abierta al cierre del reporte.,Costo,Sintético controlado,Media
1104,"En la última reunión se reportó que el proveedor pidió un ajuste adicional antes de entregar el componente, por lo que la fecha comprometida ya no podrá mantenerse.",Cronograma,Sintético controlado,Alta
1105,En la última reunión se reportó que el ambiente de pruebas pierde conexión con la base de datos de forma intermitente.,Técnico,Sintético controlado,Media
1106,El consumo de infraestructura en la nube quedó por encima de lo estimado y aumentará el gasto mensual. La situación requiere seguimiento. El asunto fue escalado para definir el siguiente paso.,Costo,Sintético controlado,Media
1107,Se detectó una incompatibilidad entre la versión actual del componente y una librería necesaria para la solución. La novedad sigue abierta al cierre del reporte.,Técnico,Sintético controlado,Media
1108,Durante el seguimiento se identificó que la carga de trabajo actual supera la disponibilidad del equipo durante esta iteración. La situación fue detectada antes del cierre de la iteración.,Recursos,Sintético controlado,Media
1109,El equipo de pruebas no cuenta con suficientes analistas para cubrir todos los escenarios definidos. La novedad sigue abierta al cierre del reporte.,Recursos,Sintético controlado,Media
1110,En la revisión de avance se evidenció que se detectó una incompatibilidad entre la versión actual del componente y una librería necesaria para la solución. La situación fue detectada antes del cierre de la iteración.,Técnico,Sintético controlado,Media
1111,Una falla detectada en el motor de reglas obligó a repetir pruebas y el inicio de pruebas se desplazará cuatro días. El punto quedó registrado para revisión.,Cronograma,Sintético controlado,Alta
1112,El equipo informó que el valor acumulado de la implementación ya consume más presupuesto del esperado para el nivel de avance actual.,Costo,Sintético controlado,Media
1113,La dependencia con el área usuaria no se resolvió a tiempo y la siguiente actividad comenzará más tarde. El caso fue registrado en el seguimiento semanal.,Cronograma,Sintético controlado,Media
1114,La nueva cotización de el área de infraestructura supera en 12 % el valor aprobado para el servicio.,Costo,Sintético controlado,Media
1115,Se requieren 8 millones de pesos adicionales para completar la contratación necesaria en esta fase. El punto quedó registrado para revisión.,Costo,Sintético controlado,Media
1116,La aprobación requerida para continuar lleva cuatro días pendiente y bloquea el siguiente hito. La situación requiere seguimiento. El responsable confirmó que se requiere una acción de mitigación.,Cronograma,Sintético controlado,Media
1117,Una incompatibilidad en el componente de facturación obliga a adquirir una licencia adicional por 42 millones de pesos.,Costo,Sintético controlado,Alta
1118,En la última reunión se reportó que el proveedor actualizó sus tarifas y el servicio quedará 8 % por encima del monto considerado inicialmente. El punto quedó registrado para revisión.,Costo,Sintético controlado,Media
1119,El equipo de datos informó que la entrega del flujo de onboarding tomará ocho días adicionales.,Cronograma,Sintético controlado,Media
1120,En la última reunión se reportó que el proveedor actualizó sus tarifas y el servicio quedará 22 % por encima del monto considerado inicialmente. La situación fue detectada antes del cierre de la iteración.,Costo,Sintético controlado,Media
1121,La nueva cotización de el equipo de datos supera en 20 % el valor aprobado para el servicio. La situación requiere seguimiento.,Costo,Sintético controlado,Media
1122,"Una tarea crítica presenta errores, pero el especialista que conoce el componente no estará disponible esta semana.",Recursos,Sintético controlado,Alta
1123,El arquitecto de solución asignado al proyecto salió del equipo y todavía no se ha definido su reemplazo.,Recursos,Sintético controlado,Media
1124,Los reprocesos de esta fase demandaron horas de consultoría que no estaban incluidas en la estimación original. El responsable confirmó que se requiere una acción de mitigación.,Costo,Sintético controlado,Media
1125,Durante el seguimiento se identificó que el arquitecto de solución asignado al proyecto salió del equipo y todavía no se ha definido su reemplazo.,Recursos,Sintético controlado,Media
1126,"El proveedor puede mantener la fecha inicialmente acordada, pero únicamente con un servicio adicional de 15 millones de pesos. El caso fue registrado en el seguimiento semanal.",Costo,Sintético controlado,Alta
1127,En la revisión de avance se evidenció que la actividad de configuración no terminó en la fecha prevista y desplazará el inicio de pruebas. La situación requiere seguimiento. El responsable confirmó que se requiere una acción de mitigación.,Cronograma,Sintético controlado,Media
1128,Una falla detectada en el integración con SAP obligó a repetir pruebas y el aprobación funcional se desplazará dos días. La novedad sigue abierta al cierre del reporte.,Cronograma,Sintético controlado,Alta
1129,En la revisión de avance se evidenció que las pruebas consumieron dos semanas más de lo planeado y será necesario reprogramar el despliegue productivo. El asunto fue escalado para definir el siguiente paso.,Cronograma,Sintético controlado,Media
1130,Durante el seguimiento se identificó que el consumo de infraestructura en la nube quedó por encima de lo estimado y aumentará el gasto mensual.,Costo,Sintético controlado,Media
1131,En la revisión de avance se evidenció que el único analista de pruebas disponible está atendiendo dos frentes simultáneos y no puede cubrir todas las solicitudes. La situación requiere seguimiento. El asunto fue escalado para definir el siguiente paso.,Recursos,Sintético controlado,Media
1132,Durante el seguimiento se identificó que los reprocesos de esta fase demandaron horas de consultoría que no estaban incluidas en la estimación original. El responsable confirmó que se requiere una acción de mitigación.,Costo,Sintético controlado,Media
1133,"El equipo informó que fue necesario adquirir capacidad adicional para el pipeline de datos, generando un desembolso no contemplado.",Costo,Sintético controlado,Media
1134,Durante el seguimiento se identificó que la renovación de licencias requiere 18 millones de pesos más frente a la estimación inicial. El responsable confirmó que se requiere una acción de mitigación.,Costo,Sintético controlado,Media
1135,El equipo informó que el valor acumulado de la implementación ya consume más presupuesto del esperado para el nivel de avance actual. La situación requiere seguimiento. El caso fue registrado en el seguimiento semanal.,Costo,Sintético controlado,Media
1136,En la última reunión se reportó que el equipo funcional tendrá disponibilidad parcial durante las próximas semanas por asignaciones en otra iniciativa. El punto quedó registrado para revisión.,Recursos,Sintético controlado,Media
1137,El equipo informó que el equipo de pruebas no cuenta con suficientes analistas para cubrir todos los escenarios definidos.,Recursos,Sintético controlado,Media
1138,El avance de la iteración está por debajo de lo previsto y varias tareas pasarán al siguiente ciclo. La novedad sigue abierta al cierre del reporte.,Cronograma,Sintético controlado,Media
1139,El equipo informó que las pruebas consumieron dos semanas más de lo planeado y será necesario reprogramar el cierre del sprint. El punto quedó registrado para revisión. El caso fue registrado en el seguimiento semanal.,Cronograma,Sintético controlado,Media
1140,"El proveedor puede mantener la fecha inicialmente acordada, pero únicamente con un servicio adicional de 42 millones de pesos. El punto quedó registrado para revisión.",Costo,Sintético controlado,Alta
1141,La revisión del portal transaccional está detenida: la única persona con permisos y conocimiento se encuentra fuera del proyecto.,Recursos,Sintético controlado,Alta
1142,El equipo informó que se presentó una vacante inesperada en el equipo y varias responsabilidades quedaron sin responsable directo. La situación requiere seguimiento.,Recursos,Sintético controlado,Media
1143,Una falla del ambiente de pruebas está obligando a repetir pruebas y podría afectar la fecha prevista de cierre. El responsable confirmó que se requiere una acción de mitigación.,Técnico,Sintético controlado,Alta
1144,En la revisión de avance se evidenció que la incorporación del nuevo analista de pruebas requiere entrenamiento antes de asumir las tareas asignadas.,Recursos,Sintético controlado,Media
1145,El equipo informó que la validación con usuarios inició tarde y el cierre de la fase tendrá que desplazarse. La situación requiere seguimiento.,Cronograma,Sintético controlado,Media
1146,Las pruebas consumieron dos semanas más de lo planeado y será necesario reprogramar el validación con usuarios. La situación fue detectada antes del cierre de la iteración.,Cronograma,Sintético controlado,Media
1147,Durante el seguimiento se identificó que las horas adicionales de consultoría agotaron la reserva económica prevista para esta etapa. El caso fue registrado en el seguimiento semanal.,Costo,Sintético controlado,Media
1148,El ingeniero de datos asignado al proyecto salió del equipo y todavía no se ha definido su reemplazo.,Recursos,Sintético controlado,Media
1149,La incorporación del nuevo analista de pruebas requiere entrenamiento antes de asumir las tareas asignadas. La situación requiere seguimiento. El asunto fue escalado para definir el siguiente paso.,Recursos,Sintético controlado,Media
1150,Se requieren 30 millones de pesos adicionales para completar la contratación necesaria en esta fase. La situación requiere seguimiento.,Costo,Sintético controlado,Media
1151,El equipo de pruebas no cuenta con suficientes analistas para cubrir todos los escenarios definidos.,Recursos,Sintético controlado,Media
1152,El equipo informó que el despliegue más reciente provocó un comportamiento inesperado en el integración con SAP. El punto quedó registrado para revisión.,Técnico,Sintético controlado,Media
1153,En la última reunión se reportó que el equipo funcional tendrá disponibilidad parcial durante las próximas semanas por asignaciones en otra iniciativa. El punto quedó registrado para revisión. La situación fue detectada antes del cierre de la iteración.,Recursos,Sintético controlado,Media
1154,En la última reunión se reportó que el proveedor actualizó sus tarifas y el servicio quedará 12 % por encima del monto considerado inicialmente.,Costo,Sintético controlado,Media
1155,En la última reunión se reportó que no hay una persona con el conocimiento requerido para ejecutar la actividad especializada prevista. El asunto fue escalado para definir el siguiente paso.,Recursos,Sintético controlado,Media
1156,En la última reunión se reportó que las nuevas exigencias del área usuaria requieren más horas de desarrollo y aumentan el valor estimado en 30 %.,Costo,Sintético controlado,Alta
1157,En la última reunión se reportó que la renovación de licencias requiere 18 millones de pesos más frente a la estimación inicial.,Costo,Sintético controlado,Media
1158,El cierre de la iteración deberá moverse tres días porque una actividad previa continúa pendiente.,Cronograma,Sintético controlado,Media
1159,En la revisión de avance se evidenció que la ausencia temporal de un especialista dejó pendiente una validación y la entrega prevista deberá correrse cuatro días. El punto quedó registrado para revisión.,Cronograma,Sintético controlado,Alta
1160,No hay una persona con el conocimiento requerido para ejecutar la actividad especializada prevista. El caso fue registrado en el seguimiento semanal.,Recursos,Sintético controlado,Media
1161,Durante el seguimiento se identificó que se detectó una incompatibilidad entre la versión actual del componente y una librería necesaria para la solución.,Técnico,Sintético controlado,Media
1162,El equipo informó que el ambiente de pruebas pierde conexión con la base de datos de forma intermitente. La situación requiere seguimiento.,Técnico,Sintético controlado,Media
1163,En la revisión de avance se evidenció que la entrega del integración con SAP fue reprogramada para una fecha posterior a la comprometida.,Cronograma,Sintético controlado,Media
1164,En la última reunión se reportó que la rotación reciente dejó al equipo sin suficiente experiencia sobre el motor de reglas. La situación requiere seguimiento.,Recursos,Sintético controlado,Media
1165,Durante el seguimiento se identificó que la ausencia del analista de pruebas dejó sin atender una configuración y podría mover el despliegue productivo.,Recursos,Sintético controlado,Alta
1166,Durante el seguimiento se identificó que el valor acumulado de la implementación ya consume más presupuesto del esperado para el nivel de avance actual.,Costo,Sintético controlado,Media
1167,La carga de trabajo actual supera la disponibilidad del equipo durante esta iteración. El punto quedó registrado para revisión. El asunto fue escalado para definir el siguiente paso.,Recursos,Sintético controlado,Media
1168,Durante el seguimiento se identificó que la incorporación del nuevo administrador de base de datos requiere entrenamiento antes de asumir las tareas asignadas. La situación requiere seguimiento.,Recursos,Sintético controlado,Media
1169,El equipo informó que el valor acumulado de la implementación ya consume más presupuesto del esperado para el nivel de avance actual. La novedad sigue abierta al cierre del reporte.,Costo,Sintético controlado,Media
1170,En la última reunión se reportó que el arquitecto de solución asignado al proyecto salió del equipo y todavía no se ha definido su reemplazo.,Recursos,Sintético controlado,Media
1171,El equipo informó que las horas adicionales de consultoría agotaron la reserva económica prevista para esta etapa. La situación requiere seguimiento.,Costo,Sintético controlado,Media
1172,El despliegue más reciente provocó un comportamiento inesperado en el portal transaccional.,Técnico,Sintético controlado,Media
1173,El despliegue más reciente provocó un comportamiento inesperado en el pipeline de datos. La situación requiere seguimiento.,Técnico,Sintético controlado,Media
1174,En la revisión de avance se evidenció que la validación con usuarios inició tarde y el cierre de la fase tendrá que desplazarse.,Cronograma,Sintético controlado,Media
1175,El equipo informó que el avance de la iteración está por debajo de lo previsto y varias tareas pasarán al siguiente ciclo. El punto quedó registrado para revisión.,Cronograma,Sintético controlado,Media
1176,"El equipo disponible es reducido, pero el bloqueo actual se origina en errores recurrentes de comunicación entre los sistemas. El punto quedó registrado para revisión.",Técnico,Sintético controlado,Alta
1177,Durante el seguimiento se identificó que el despliegue más reciente provocó un comportamiento inesperado en el módulo de clientes.,Técnico,Sintético controlado,Media
1178,En la revisión de avance se evidenció que una incompatibilidad en el portal transaccional obliga a adquirir una licencia adicional por 8 millones de pesos.,Costo,Sintético controlado,Alta
1179,"Una tarea crítica presenta errores, pero el especialista que conoce el componente no estará disponible esta semana. El punto quedó registrado para revisión. El responsable confirmó que se requiere una acción de mitigación.",Recursos,Sintético controlado,Alta
1180,El equipo informó que la incorporación del nuevo administrador de base de datos requiere entrenamiento antes de asumir las tareas asignadas.,Recursos,Sintético controlado,Media
1181,El equipo informó que para evitar afectar la fecha de entrega se contratará capacidad adicional por 18 millones de pesos no presupuestados. El punto quedó registrado para revisión. El asunto fue escalado para definir el siguiente paso.,Costo,Sintético controlado,Alta
1182,Se requieren 42 millones de pesos adicionales para completar la contratación necesaria en esta fase.,Costo,Sintético controlado,Media
1183,La entrega del motor de reglas fue reprogramada para una fecha posterior a la comprometida. El asunto fue escalado para definir el siguiente paso.,Cronograma,Sintético controlado,Media
1184,El equipo informó que la validación con usuarios inició tarde y el cierre de la fase tendrá que desplazarse.,Cronograma,Sintético controlado,Media
1185,Durante el seguimiento se identificó que el proceso de sincronización falla cuando el volumen de transacciones supera el límite configurado. El caso fue registrado en el seguimiento semanal.,Técnico,Sintético controlado,Media
1186,El equipo informó que la validación no puede continuar porque el componente devuelve información inconsistente después del último despliegue.,Técnico,Sintético controlado,Alta
1187,El equipo informó que se requirió ampliar la capacidad del ambiente antes de continuar; esta espera mueve el cierre de la iteración al siguiente periodo. El punto quedó registrado para revisión.,Cronograma,Sintético controlado,Alta
1188,La ausencia del desarrollador frontend dejó sin atender una configuración y podría mover el entrega del incremento.,Recursos,Sintético controlado,Alta
1189,En la última reunión se reportó que los registros procesados por el pipeline presentan valores inconsistentes frente a la fuente original. El punto quedó registrado para revisión.,Técnico,Sintético controlado,Media
1190,El ingeniero DevOps asignado al proyecto salió del equipo y todavía no se ha definido su reemplazo. La situación requiere seguimiento.,Recursos,Sintético controlado,Media
1191,La nueva cotización de el proveedor externo supera en 22 % el valor aprobado para el servicio.,Costo,Sintético controlado,Media
1192,En la última reunión se reportó que el proceso de sincronización falla cuando el volumen de transacciones supera el límite configurado. La situación fue detectada antes del cierre de la iteración.,Técnico,Sintético controlado,Media
1193,Durante el seguimiento se identificó que las horas adicionales de consultoría agotaron la reserva económica prevista para esta etapa. El responsable confirmó que se requiere una acción de mitigación.,Costo,Sintético controlado,Media
1194,El equipo informó que no hay una persona con el conocimiento requerido para ejecutar la actividad especializada prevista. La situación requiere seguimiento. El caso fue registrado en el seguimiento semanal.,Recursos,Sintético controlado,Media
1195,En la última reunión se reportó que dos integrantes fueron trasladados a otra iniciativa y el equipo quedó con menor capacidad para atender las actividades.,Recursos,Sintético controlado,Media
1196,Durante el seguimiento se identificó que los reprocesos de esta fase demandaron horas de consultoría que no estaban incluidas en la estimación original. La situación requiere seguimiento.,Costo,Sintético controlado,Media
1197,La aprobación requerida para continuar lleva quince días pendiente y bloquea el siguiente hito. La situación requiere seguimiento. El responsable confirmó que se requiere una acción de mitigación.,Cronograma,Sintético controlado,Media
1198,El equipo informó que el proceso de sincronización falla cuando el volumen de transacciones supera el límite configurado. El punto quedó registrado para revisión. El asunto fue escalado para definir el siguiente paso.,Técnico,Sintético controlado,Media
1199,El despliegue más reciente provocó un comportamiento inesperado en el ambiente de pruebas. La situación requiere seguimiento. El asunto fue escalado para definir el siguiente paso.,Técnico,Sintético controlado,Media
1200,Durante el seguimiento se identificó que la compra de componentes adicionales incrementará en 15 millones de pesos el valor total previsto. El punto quedó registrado para revisión.,Costo,Sintético controlado,Media
1201,El cierre de la iteración deberá moverse cuatro días porque una actividad previa continúa pendiente. La situación requiere seguimiento.,Cronograma,Sintético controlado,Media
1202,El avance de la iteración está por debajo de lo previsto y varias tareas pasarán al siguiente ciclo. La situación requiere seguimiento.,Cronograma,Sintético controlado,Media
1203,El equipo informó que el mecanismo de autenticación rechaza solicitudes válidas en algunos escenarios de prueba.,Técnico,Sintético controlado,Media
1204,Durante el seguimiento se identificó que la nueva cotización de el tercero de integración supera en 22 % el valor aprobado para el servicio. La situación fue detectada antes del cierre de la iteración.,Costo,Sintético controlado,Media
1205,El equipo informó que se requieren 15 millones de pesos adicionales para completar la contratación necesaria en esta fase.,Costo,Sintético controlado,Media
1206,Se requieren 30 millones de pesos adicionales para completar la contratación necesaria en esta fase.,Costo,Sintético controlado,Media
1207,En la revisión de avance se evidenció que la dependencia con el proveedor externo no se resolvió a tiempo y la siguiente actividad comenzará más tarde. El caso fue registrado en el seguimiento semanal.,Cronograma,Sintético controlado,Media
1208,El servicio de notificaciones presenta respuestas incompletas al ejecutar los casos de prueba.,Técnico,Sintético controlado,Media
1209,El despliegue más reciente provocó un comportamiento inesperado en el flujo de onboarding. La situación requiere seguimiento.,Técnico,Sintético controlado,Media
1210,La revisión pendiente ha consumido dos semanas y todavía impide iniciar la actividad sucesora. La situación fue detectada antes del cierre de la iteración.,Cronograma,Sintético controlado,Media
1211,En la última reunión se reportó que las horas adicionales de consultoría agotaron la reserva económica prevista para esta etapa. El punto quedó registrado para revisión. El caso fue registrado en el seguimiento semanal.,Costo,Sintético controlado,Media
1212,La salida de un especialista exige contratar soporte externo y eleva el gasto previsto en 25 %.,Costo,Sintético controlado,Alta
1213,La renovación de licencias requiere 8 millones de pesos más frente a la estimación inicial. El punto quedó registrado para revisión.,Costo,Sintético controlado,Media
1214,En la última reunión se reportó que el proceso de sincronización falla cuando el volumen de transacciones supera el límite configurado. El punto quedó registrado para revisión. La situación fue detectada antes del cierre de la iteración.,Técnico,Sintético controlado,Media
1215,La dependencia con el tercero de integración no se resolvió a tiempo y la siguiente actividad comenzará más tarde. La situación requiere seguimiento.,Cronograma,Sintético controlado,Media
1216,La incorporación del nuevo líder técnico requiere entrenamiento antes de asumir las tareas asignadas. El punto quedó registrado para revisión. El responsable confirmó que se requiere una acción de mitigación.,Recursos,Sintético controlado,Media
1217,Durante el seguimiento se identificó que se presentó una vacante inesperada en el equipo y varias responsabilidades quedaron sin responsable directo. La situación requiere seguimiento.,Recursos,Sintético controlado,Media
1218,Durante el seguimiento se identificó que el proceso de sincronización falla cuando el volumen de transacciones supera el límite configurado.,Técnico,Sintético controlado,Media
1219,Durante el seguimiento se identificó que el arquitecto de solución asignado al proyecto salió del equipo y todavía no se ha definido su reemplazo. El caso fue registrado en el seguimiento semanal.,Recursos,Sintético controlado,Media
1220,El equipo informó que el ingeniero de datos asignado al proyecto salió del equipo y todavía no se ha definido su reemplazo.,Recursos,Sintético controlado,Media
1221,En la revisión de avance se evidenció que el ingeniero de datos asignado al proyecto salió del equipo y todavía no se ha definido su reemplazo.,Recursos,Sintético controlado,Media
1222,La incorporación del nuevo administrador de base de datos requiere entrenamiento antes de asumir las tareas asignadas. El punto quedó registrado para revisión.,Recursos,Sintético controlado,Media
1223,El despliegue más reciente provocó un comportamiento inesperado en el servicio de notificaciones. La situación requiere seguimiento. El caso fue registrado en el seguimiento semanal.,Técnico,Sintético controlado,Media
1224,"El equipo disponible es reducido, pero el bloqueo actual se origina en errores recurrentes de comunicación entre los sistemas. El responsable confirmó que se requiere una acción de mitigación.",Técnico,Sintético controlado,Alta
1225,Durante el seguimiento se identificó que las pruebas consumieron quince días más de lo planeado y será necesario reprogramar el entrega del incremento. El punto quedó registrado para revisión.,Cronograma,Sintético controlado,Media
1226,El equipo informó que la ausencia del ingeniero de datos dejó sin atender una configuración y podría mover el certificación del módulo. El caso fue registrado en el seguimiento semanal.,Recursos,Sintético controlado,Alta
1227,En la última reunión se reportó que se detectó una incompatibilidad entre la versión actual del componente y una librería necesaria para la solución. El caso fue registrado en el seguimiento semanal.,Técnico,Sintético controlado,Media
1228,En la última reunión se reportó que el ambiente de pruebas pierde conexión con la base de datos de forma intermitente. El punto quedó registrado para revisión.,Técnico,Sintético controlado,Media
1229,En la última reunión se reportó que el proveedor actualizó sus tarifas y el servicio quedará 18 % por encima del monto considerado inicialmente.,Costo,Sintético controlado,Media
1230,"En la última reunión se reportó que fue necesario adquirir capacidad adicional para el ambiente de pruebas, generando un desembolso no contemplado. La situación requiere seguimiento.",Costo,Sintético controlado,Media
1231,En la última reunión se reportó que la renovación de licencias requiere 8 millones de pesos más frente a la estimación inicial. La situación requiere seguimiento.,Costo,Sintético controlado,Media
1232,Se requieren 18 millones de pesos adicionales para completar la contratación necesaria en esta fase. El caso fue registrado en el seguimiento semanal.,Costo,Sintético controlado,Media
1233,El equipo informó que una incompatibilidad en el servicio de autenticación obliga a adquirir una licencia adicional por 15 millones de pesos. El punto quedó registrado para revisión.,Costo,Sintético controlado,Alta
1234,La nueva cotización de el área usuaria supera en 18 % el valor aprobado para el servicio. El punto quedó registrado para revisión. La novedad sigue abierta al cierre del reporte.,Costo,Sintético controlado,Media
1235,El equipo informó que las horas adicionales de consultoría agotaron la reserva económica prevista para esta etapa. La novedad sigue abierta al cierre del reporte.,Costo,Sintético controlado,Media
1236,En la revisión de avance se evidenció que la salida de un especialista exige contratar soporte externo y eleva el gasto previsto en 30 %.,Costo,Sintético controlado,Alta
1237,En la última reunión se reportó que el equipo no alcanzó a completar las pruebas porque parte de sus integrantes fue reasignada a una atención prioritaria. La novedad sigue abierta al cierre del reporte.,Recursos,Sintético controlado,Alta
1238,El ingeniero de datos asignado al proyecto salió del equipo y todavía no se ha definido su reemplazo. El caso fue registrado en el seguimiento semanal.,Recursos,Sintético controlado,Media
1239,En la última reunión se reportó que se detectó una incompatibilidad entre la versión actual del componente y una librería necesaria para la solución. El responsable confirmó que se requiere una acción de mitigación.,Técnico,Sintético controlado,Media
1240,El equipo informó que se requirió ampliar la capacidad del ambiente antes de continuar; esta espera mueve el certificación del módulo al siguiente periodo.,Cronograma,Sintético controlado,Alta
1241,El API de consulta presenta errores de sincronización al ejecutar los casos de prueba.,Técnico,Sintético controlado,Media
1242,La revisión pendiente ha consumido tres días y todavía impide iniciar la actividad sucesora. El punto quedó registrado para revisión. El responsable confirmó que se requiere una acción de mitigación.,Cronograma,Sintético controlado,Media
1243,Los registros procesados por el pipeline presentan valores inconsistentes frente a la fuente original. El caso fue registrado en el seguimiento semanal.,Técnico,Sintético controlado,Media
1244,En la revisión de avance se evidenció que el proceso de sincronización falla cuando el volumen de transacciones supera el límite configurado.,Técnico,Sintético controlado,Media
1245,El proceso de sincronización falla cuando el volumen de transacciones supera el límite configurado. La situación requiere seguimiento.,Técnico,Sintético controlado,Media
1246,El equipo informó que la carga de trabajo actual supera la disponibilidad del equipo durante esta iteración. La situación requiere seguimiento.,Recursos,Sintético controlado,Media
1247,"En la última reunión se reportó que una tarea crítica presenta errores, pero el especialista que conoce el componente no estará disponible esta semana.",Recursos,Sintético controlado,Alta
1248,En la última reunión se reportó que el servicio de notificaciones presenta consumo excesivo de memoria durante la preparación del despliegue. El punto quedó registrado para revisión. La novedad sigue abierta al cierre del reporte.,Técnico,Sintético controlado,Media
1249,En la última reunión se reportó que el servicio de notificaciones presenta fallas de autenticación durante la preparación del despliegue.,Técnico,Sintético controlado,Media
1250,El equipo informó que se presentó una vacante inesperada en el equipo y varias responsabilidades quedaron sin responsable directo. El punto quedó registrado para revisión. El asunto fue escalado para definir el siguiente paso.,Recursos,Sintético controlado,Media
1251,El valor acumulado de la implementación ya consume más presupuesto del esperado para el nivel de avance actual. La situación requiere seguimiento. La situación fue detectada antes del cierre de la iteración.,Costo,Sintético controlado,Media
1252,El cierre del sprint deberá moverse una semana porque una actividad previa continúa pendiente. La situación requiere seguimiento. El responsable confirmó que se requiere una acción de mitigación.,Cronograma,Sintético controlado,Media
1253,"Durante el seguimiento se identificó que el proveedor entregó el componente a tiempo, pero la versión instalada no es compatible con el entorno actual. La situación requiere seguimiento.",Técnico,Sintético controlado,Alta
1254,El proveedor actualizó sus tarifas y el servicio quedará 22 % por encima del monto considerado inicialmente. El punto quedó registrado para revisión.,Costo,Sintético controlado,Media
1255,Durante el seguimiento se identificó que la entrega del API de consulta fue reprogramada para una fecha posterior a la comprometida. El punto quedó registrado para revisión. El caso fue registrado en el seguimiento semanal.,Cronograma,Sintético controlado,Media
1256,La integración entre sistemas no está enviando correctamente todos los campos requeridos por el destino. El punto quedó registrado para revisión. La novedad sigue abierta al cierre del reporte.,Técnico,Sintético controlado,Media
1257,En la revisión de avance se evidenció que la revisión pendiente ha consumido una semana y todavía impide iniciar la actividad sucesora. La situación requiere seguimiento.,Cronograma,Sintético controlado,Media
1258,Para evitar afectar la fecha de entrega se contratará capacidad adicional por 6 millones de pesos no presupuestados. La novedad sigue abierta al cierre del reporte.,Costo,Sintético controlado,Alta
1259,En la última reunión se reportó que dos integrantes fueron trasladados a otra iniciativa y el equipo quedó con menor capacidad para atender las actividades. La situación requiere seguimiento.,Recursos,Sintético controlado,Media
1260,El equipo de pruebas no cuenta con suficientes analistas para cubrir todos los escenarios definidos. La situación requiere seguimiento. La situación fue detectada antes del cierre de la iteración.,Recursos,Sintético controlado,Media
1261,El equipo informó que se requieren 8 millones de pesos adicionales para completar la contratación necesaria en esta fase. El punto quedó registrado para revisión. La situación fue detectada antes del cierre de la iteración.,Costo,Sintético controlado,Media
1262,El proveedor actualizó sus tarifas y el servicio quedará 8 % por encima del monto considerado inicialmente.,Costo,Sintético controlado,Media
1263,Durante el seguimiento se identificó que el equipo funcional tendrá disponibilidad parcial durante las próximas semanas por asignaciones en otra iniciativa. El punto quedó registrado para revisión.,Recursos,Sintético controlado,Media
1264,Durante el seguimiento se identificó que la actividad de configuración no terminó en la fecha prevista y desplazará el cierre del sprint.,Cronograma,Sintético controlado,Media
1265,Se requieren 12 millones de pesos adicionales para completar la contratación necesaria en esta fase. La situación fue detectada antes del cierre de la iteración.,Costo,Sintético controlado,Media
1266,En la revisión de avance se evidenció que la aplicación consume más memoria de la esperada y se reinicia bajo alta carga. El punto quedó registrado para revisión. El asunto fue escalado para definir el siguiente paso.,Técnico,Sintético controlado,Media
1267,Durante el seguimiento se identificó que dos integrantes fueron trasladados a otra iniciativa y el equipo quedó con menor capacidad para atender las actividades.,Recursos,Sintético controlado,Media
1268,"Fue necesario adquirir capacidad adicional para el servicio de notificaciones, generando un desembolso no contemplado. La situación fue detectada antes del cierre de la iteración.",Costo,Sintético controlado,Media
1269,En la última reunión se reportó que la aprobación requerida para continuar lleva tres días pendiente y bloquea el siguiente hito. El punto quedó registrado para revisión.,Cronograma,Sintético controlado,Media
1270,Las horas adicionales de consultoría agotaron la reserva económica prevista para esta etapa. La situación requiere seguimiento. La situación fue detectada antes del cierre de la iteración.,Costo,Sintético controlado,Media
1271,Se requieren 18 millones de pesos adicionales para completar la contratación necesaria en esta fase. La situación requiere seguimiento.,Costo,Sintético controlado,Media
1272,El desarrollador frontend asignado al proyecto salió del equipo y todavía no se ha definido su reemplazo. El caso fue registrado en el seguimiento semanal.,Recursos,Sintético controlado,Media
1273,El despliegue más reciente provocó un comportamiento inesperado en el servicio de autenticación. El punto quedó registrado para revisión.,Técnico,Sintético controlado,Media
1274,El equipo informó que el proveedor actualizó sus tarifas y el servicio quedará 25 % por encima del monto considerado inicialmente.,Costo,Sintético controlado,Media
1275,La actividad de configuración no terminó en la fecha prevista y desplazará el validación con usuarios.,Cronograma,Sintético controlado,Media
1276,En la última reunión se reportó que la renovación de licencias requiere 15 millones de pesos más frente a la estimación inicial. El caso fue registrado en el seguimiento semanal.,Costo,Sintético controlado,Media
1277,En la última reunión se reportó que el área usuaria informó que la entrega del servicio de notificaciones tomará dos semanas adicionales.,Cronograma,Sintético controlado,Media
1278,Una incompatibilidad en el ambiente de pruebas obliga a adquirir una licencia adicional por 12 millones de pesos. La situación requiere seguimiento.,Costo,Sintético controlado,Alta
1279,En la revisión de avance se evidenció que se detectó una incompatibilidad entre la versión actual del componente y una librería necesaria para la solución. El responsable confirmó que se requiere una acción de mitigación.,Técnico,Sintético controlado,Media
1280,"El equipo informó que fue necesario adquirir capacidad adicional para el módulo de clientes, generando un desembolso no contemplado. La novedad sigue abierta al cierre del reporte.",Costo,Sintético controlado,Media
1281,Durante el seguimiento se identificó que la salida de un especialista exige contratar soporte externo y eleva el gasto previsto en 18 %. La situación requiere seguimiento.,Costo,Sintético controlado,Alta
1282,Se presentó una vacante inesperada en el equipo y varias responsabilidades quedaron sin responsable directo. El asunto fue escalado para definir el siguiente paso.,Recursos,Sintético controlado,Media
1283,En la última reunión se reportó que el proveedor actualizó sus tarifas y el servicio quedará 8 % por encima del monto considerado inicialmente. La situación requiere seguimiento. La novedad sigue abierta al cierre del reporte.,Costo,Sintético controlado,Media
1284,Durante el seguimiento se identificó que las nuevas exigencias del área usuaria requieren más horas de desarrollo y aumentan el valor estimado en 12 %. El punto quedó registrado para revisión.,Costo,Sintético controlado,Alta
1285,En la revisión de avance se evidenció que el mecanismo de autenticación rechaza solicitudes válidas en algunos escenarios de prueba. El punto quedó registrado para revisión.,Técnico,Sintético controlado,Media
1286,Las horas adicionales de consultoría agotaron la reserva económica prevista para esta etapa. La situación fue detectada antes del cierre de la iteración.,Costo,Sintético controlado,Media
1287,En la revisión de avance se evidenció que una nueva revisión de seguridad agregó actividades no previstas y el cierre del sprint quedará para la siguiente semana.,Cronograma,Sintético controlado,Alta
1288,Las pruebas consumieron quince días más de lo planeado y será necesario reprogramar el entrega del incremento. El punto quedó registrado para revisión.,Cronograma,Sintético controlado,Media
1289,En la última reunión se reportó que la dependencia con el proveedor de nube no se resolvió a tiempo y la siguiente actividad comenzará más tarde. La situación fue detectada antes del cierre de la iteración.,Cronograma,Sintético controlado,Media
1290,El equipo informó que las horas adicionales de consultoría agotaron la reserva económica prevista para esta etapa. El responsable confirmó que se requiere una acción de mitigación.,Costo,Sintético controlado,Media
1291,Durante el seguimiento se identificó que se requieren 12 millones de pesos adicionales para completar la contratación necesaria en esta fase.,Costo,Sintético controlado,Media
1292,"En la revisión de avance se evidenció que fue necesario adquirir capacidad adicional para el servicio de autenticación, generando un desembolso no contemplado. La situación requiere seguimiento. El responsable confirmó que se requiere una acción de mitigación.",Costo,Sintético controlado,Media
1293,"El equipo disponible es reducido, pero el bloqueo actual se origina en errores recurrentes de comunicación entre los sistemas. La situación requiere seguimiento.",Técnico,Sintético controlado,Alta
1294,La rotación reciente dejó al equipo sin suficiente experiencia sobre el pipeline de datos.,Recursos,Sintético controlado,Media
1295,En la última reunión se reportó que la aplicación consume más memoria de la esperada y se reinicia bajo alta carga. La situación requiere seguimiento. La novedad sigue abierta al cierre del reporte.,Técnico,Sintético controlado,Media
1296,El equipo informó que el despliegue más reciente provocó un comportamiento inesperado en el API de consulta. La situación requiere seguimiento.,Técnico,Sintético controlado,Media
1297,En la revisión de avance se evidenció que la aplicación consume más memoria de la esperada y se reinicia bajo alta carga.,Técnico,Sintético controlado,Media
1298,En la revisión de avance se evidenció que una falla detectada en el componente de facturación obligó a repetir pruebas y el entrega del incremento se desplazará dos semanas.,Cronograma,Sintético controlado,Alta
1299,Durante el seguimiento se identificó que el área de infraestructura informó que la entrega del servicio de autenticación tomará dos días adicionales.,Cronograma,Sintético controlado,Media
1300,"El proveedor pidió un ajuste adicional antes de entregar el componente, por lo que la fecha comprometida ya no podrá mantenerse. La situación requiere seguimiento.",Cronograma,Sintético controlado,Alta
1301,El equipo informó que las nuevas exigencias del área usuaria requieren más horas de desarrollo y aumentan el valor estimado en 20 %.,Costo,Sintético controlado,Alta
1302,La nueva cotización de el área usuaria supera en 8 % el valor aprobado para el servicio.,Costo,Sintético controlado,Media
1303,"El equipo informó que el proveedor entregó el componente a tiempo, pero la versión instalada no es compatible con el entorno actual. El asunto fue escalado para definir el siguiente paso.",Técnico,Sintético controlado,Alta
1304,La validación no puede continuar porque el componente devuelve información inconsistente después del último despliegue.,Técnico,Sintético controlado,Alta
1305,La compra de componentes adicionales incrementará en 18 millones de pesos el valor total previsto.,Costo,Sintético controlado,Media
1306,"El equipo informó que fue necesario adquirir capacidad adicional para el API de consulta, generando un desembolso no contemplado. El punto quedó registrado para revisión. El asunto fue escalado para definir el siguiente paso.",Costo,Sintético controlado,Media
1307,El equipo informó que la compra de componentes adicionales incrementará en 24 millones de pesos el valor total previsto. La situación requiere seguimiento.,Costo,Sintético controlado,Media
1308,En la última reunión se reportó que la nueva cotización de el área usuaria supera en 18 % el valor aprobado para el servicio.,Costo,Sintético controlado,Media
1309,La rotación reciente dejó al equipo sin suficiente experiencia sobre el pipeline de datos. El punto quedó registrado para revisión. La novedad sigue abierta al cierre del reporte.,Recursos,Sintético controlado,Media
1310,Durante el seguimiento se identificó que la revisión pendiente ha consumido dos días y todavía impide iniciar la actividad sucesora. El punto quedó registrado para revisión. El asunto fue escalado para definir el siguiente paso.,Cronograma,Sintético controlado,Media
1311,Durante el seguimiento se identificó que la nueva cotización de el equipo funcional supera en 22 % el valor aprobado para el servicio. La situación requiere seguimiento.,Costo,Sintético controlado,Media
1312,No hay una persona con el conocimiento requerido para ejecutar la actividad especializada prevista. La situación requiere seguimiento. La novedad sigue abierta al cierre del reporte.,Recursos,Sintético controlado,Media
1313,Durante el seguimiento se identificó que el ambiente de pruebas pierde conexión con la base de datos de forma intermitente. El asunto fue escalado para definir el siguiente paso.,Técnico,Sintético controlado,Media
1314,El equipo informó que el entrega del incremento deberá moverse tres días porque una actividad previa continúa pendiente.,Cronograma,Sintético controlado,Media
1315,La ausencia temporal de un especialista dejó pendiente una validación y la entrega prevista deberá correrse ocho días. El punto quedó registrado para revisión. La situación fue detectada antes del cierre de la iteración.,Cronograma,Sintético controlado,Alta
1316,El equipo informó que la ausencia del analista de pruebas dejó sin atender una configuración y podría mover el certificación del módulo. El asunto fue escalado para definir el siguiente paso.,Recursos,Sintético controlado,Alta
1317,En la revisión de avance se evidenció que la dependencia con el proveedor externo no se resolvió a tiempo y la siguiente actividad comenzará más tarde.,Cronograma,Sintético controlado,Media
1318,El equipo informó que el equipo de pruebas no cuenta con suficientes analistas para cubrir todos los escenarios definidos. El responsable confirmó que se requiere una acción de mitigación.,Recursos,Sintético controlado,Media
1319,Se presentó una vacante inesperada en el equipo y varias responsabilidades quedaron sin responsable directo.,Recursos,Sintético controlado,Media
1320,"Durante el seguimiento se identificó que al ejecutar solicitudes simultáneas, el servicio responde con errores y deja operaciones incompletas. La situación requiere seguimiento. La novedad sigue abierta al cierre del reporte.",Técnico,Sintético controlado,Media
1321,La nueva cotización de el área de infraestructura supera en 20 % el valor aprobado para el servicio. El caso fue registrado en el seguimiento semanal.,Costo,Sintético controlado,Media
1322,En la última reunión se reportó que el equipo de pruebas no cuenta con suficientes analistas para cubrir todos los escenarios definidos. El punto quedó registrado para revisión. La novedad sigue abierta al cierre del reporte.,Recursos,Sintético controlado,Media
1323,La renovación de licencias requiere 6 millones de pesos más frente a la estimación inicial. El punto quedó registrado para revisión.,Costo,Sintético controlado,Media
1324,El equipo informó que el despliegue más reciente provocó un comportamiento inesperado en el integración con SAP. El caso fue registrado en el seguimiento semanal.,Técnico,Sintético controlado,Media
1325,La incorporación del nuevo especialista de integración requiere entrenamiento antes de asumir las tareas asignadas.,Recursos,Sintético controlado,Media
1326,El equipo informó que el equipo funcional tendrá disponibilidad parcial durante las próximas semanas por asignaciones en otra iniciativa. La situación requiere seguimiento. El asunto fue escalado para definir el siguiente paso.,Recursos,Sintético controlado,Media
1327,Los registros procesados por el pipeline presentan valores inconsistentes frente a la fuente original.,Técnico,Sintético controlado,Media
1328,Dos integrantes fueron trasladados a otra iniciativa y el equipo quedó con menor capacidad para atender las actividades. El punto quedó registrado para revisión. El caso fue registrado en el seguimiento semanal.,Recursos,Sintético controlado,Media
1329,El equipo de pruebas no cuenta con suficientes analistas para cubrir todos los escenarios definidos. El punto quedó registrado para revisión. La situación fue detectada antes del cierre de la iteración.,Recursos,Sintético controlado,Media
1330,Una incompatibilidad en el flujo de onboarding obliga a adquirir una licencia adicional por 42 millones de pesos.,Costo,Sintético controlado,Alta
1331,"Durante el seguimiento se identificó que para cubrir la falta de capacidad se evalúa contratar apoyo externo, aunque esto implicaría un gasto adicional. La situación requiere seguimiento.",Recursos,Sintético controlado,Alta
1332,La revisión del ambiente de pruebas está detenida: la única persona con permisos y conocimiento se encuentra fuera del proyecto.,Recursos,Sintético controlado,Alta
1333,El equipo informó que se detectó una incompatibilidad entre la versión actual del componente y una librería necesaria para la solución. La novedad sigue abierta al cierre del reporte.,Técnico,Sintético controlado,Media
1334,En la última reunión se reportó que el pipeline de datos presenta duplicación de registros durante la integración entre sistemas.,Técnico,Sintético controlado,Media
1335,"El equipo informó que al ejecutar solicitudes simultáneas, el servicio responde con errores y deja operaciones incompletas.",Técnico,Sintético controlado,Media
1336,Durante el seguimiento se identificó que la rotación reciente dejó al equipo sin suficiente experiencia sobre el integración con SAP.,Recursos,Sintético controlado,Media
1337,En la última reunión se reportó que la carga de trabajo actual supera la disponibilidad del equipo durante esta iteración.,Recursos,Sintético controlado,Media
1338,Durante el seguimiento se identificó que las nuevas exigencias del área usuaria requieren más horas de desarrollo y aumentan el valor estimado en 18 %.,Costo,Sintético controlado,Alta
1339,Durante el seguimiento se identificó que la renovación de licencias requiere 30 millones de pesos más frente a la estimación inicial. El responsable confirmó que se requiere una acción de mitigación.,Costo,Sintético controlado,Media
1340,La validación con usuarios inició tarde y el cierre de la fase tendrá que desplazarse. El punto quedó registrado para revisión.,Cronograma,Sintético controlado,Media
1341,La entrega del módulo de clientes fue reprogramada para una fecha posterior a la comprometida. La situación fue detectada antes del cierre de la iteración.,Cronograma,Sintético controlado,Media
1342,El equipo informó que la renovación de licencias requiere 24 millones de pesos más frente a la estimación inicial.,Costo,Sintético controlado,Media
1343,La rotación reciente dejó al equipo sin suficiente experiencia sobre el flujo de onboarding. La novedad sigue abierta al cierre del reporte.,Recursos,Sintético controlado,Media
1344,Durante el seguimiento se identificó que la validación con usuarios inició tarde y el cierre de la fase tendrá que desplazarse. La situación requiere seguimiento.,Cronograma,Sintético controlado,Media
1345,Durante el seguimiento se identificó que los registros procesados por el pipeline presentan valores inconsistentes frente a la fuente original.,Técnico,Sintético controlado,Media
1346,En la última reunión se reportó que dos integrantes fueron trasladados a otra iniciativa y el equipo quedó con menor capacidad para atender las actividades. La situación fue detectada antes del cierre de la iteración.,Recursos,Sintético controlado,Media
1347,"El proveedor entregó el componente a tiempo, pero la versión instalada no es compatible con el entorno actual.",Técnico,Sintético controlado,Alta
1348,Los reprocesos de esta fase demandaron horas de consultoría que no estaban incluidas en la estimación original. El punto quedó registrado para revisión.,Costo,Sintético controlado,Media
1349,En la revisión de avance se evidenció que la actividad de configuración no terminó en la fecha prevista y desplazará el cierre de la iteración. El punto quedó registrado para revisión.,Cronograma,Sintético controlado,Media
1350,En la última reunión se reportó que la dependencia con el área de infraestructura no se resolvió a tiempo y la siguiente actividad comenzará más tarde.,Cronograma,Sintético controlado,Media
1351,El mecanismo de autenticación rechaza solicitudes válidas en algunos escenarios de prueba. El responsable confirmó que se requiere una acción de mitigación.,Técnico,Sintético controlado,Media
1352,En la última reunión se reportó que el mecanismo de autenticación rechaza solicitudes válidas en algunos escenarios de prueba. El caso fue registrado en el seguimiento semanal.,Técnico,Sintético controlado,Media
1353,Durante el seguimiento se identificó que la rotación reciente dejó al equipo sin suficiente experiencia sobre el ambiente de pruebas.,Recursos,Sintético controlado,Media
1354,En la revisión de avance se evidenció que el servicio requiere una actualización no planeada que además podría generar un gasto adicional de infraestructura. La situación requiere seguimiento. El responsable confirmó que se requiere una acción de mitigación.,Técnico,Sintético controlado,Alta
1355,La aplicación consume más memoria de la esperada y se reinicia bajo alta carga. La situación requiere seguimiento.,Técnico,Sintético controlado,Media
1356,En la revisión de avance se evidenció que el proveedor actualizó sus tarifas y el servicio quedará 25 % por encima del monto considerado inicialmente. El asunto fue escalado para definir el siguiente paso.,Costo,Sintético controlado,Media
1357,El único desarrollador backend disponible está atendiendo dos frentes simultáneos y no puede cubrir todas las solicitudes. El responsable confirmó que se requiere una acción de mitigación.,Recursos,Sintético controlado,Media
1358,Durante el seguimiento se identificó que el ambiente de pruebas pierde conexión con la base de datos de forma intermitente. La novedad sigue abierta al cierre del reporte.,Técnico,Sintético controlado,Media
1359,"El proveedor entregó el componente a tiempo, pero la versión instalada no es compatible con el entorno actual. El responsable confirmó que se requiere una acción de mitigación.",Técnico,Sintético controlado,Alta
1360,La revisión pendiente ha consumido quince días y todavía impide iniciar la actividad sucesora.,Cronograma,Sintético controlado,Media
1361,En la última reunión se reportó que para evitar afectar la fecha de entrega se contratará capacidad adicional por 30 millones de pesos no presupuestados. El punto quedó registrado para revisión.,Costo,Sintético controlado,Alta
1362,Durante el seguimiento se identificó que la aprobación requerida para continuar lleva quince días pendiente y bloquea el siguiente hito.,Cronograma,Sintético controlado,Media
1363,En la revisión de avance se evidenció que la revisión pendiente ha consumido dos semanas y todavía impide iniciar la actividad sucesora. El punto quedó registrado para revisión.,Cronograma,Sintético controlado,Media
1364,La dependencia con el equipo de arquitectura no se resolvió a tiempo y la siguiente actividad comenzará más tarde.,Cronograma,Sintético controlado,Media
1365,El equipo informó que la renovación de licencias requiere 24 millones de pesos más frente a la estimación inicial. La situación requiere seguimiento.,Costo,Sintético controlado,Media
1366,El equipo informó que el entrega del incremento deberá moverse diez días porque una actividad previa continúa pendiente. El punto quedó registrado para revisión.,Cronograma,Sintético controlado,Media
1367,La rotación reciente dejó al equipo sin suficiente experiencia sobre el servicio de autenticación.,Recursos,Sintético controlado,Media
1368,Se presentó una vacante inesperada en el equipo y varias responsabilidades quedaron sin responsable directo. El caso fue registrado en el seguimiento semanal.,Recursos,Sintético controlado,Media
1369,Los registros procesados por el pipeline presentan valores inconsistentes frente a la fuente original. El punto quedó registrado para revisión.,Técnico,Sintético controlado,Media
1370,El equipo informó que los registros procesados por el pipeline presentan valores inconsistentes frente a la fuente original. La situación fue detectada antes del cierre de la iteración.,Técnico,Sintético controlado,Media
1371,La compra de componentes adicionales incrementará en 8 millones de pesos el valor total previsto. El punto quedó registrado para revisión.,Costo,Sintético controlado,Media
1372,Durante el seguimiento se identificó que el módulo de pagos presenta duplicación de registros durante la preparación del despliegue.,Técnico,Sintético controlado,Media
1373,"En la revisión de avance se evidenció que fue necesario adquirir capacidad adicional para el portal transaccional, generando un desembolso no contemplado. La situación requiere seguimiento. El asunto fue escalado para definir el siguiente paso.",Costo,Sintético controlado,Media
1374,Durante el seguimiento se identificó que la revisión pendiente ha consumido diez días y todavía impide iniciar la actividad sucesora.,Cronograma,Sintético controlado,Media
1375,"Al ejecutar solicitudes simultáneas, el servicio responde con errores y deja operaciones incompletas. El responsable confirmó que se requiere una acción de mitigación.",Técnico,Sintético controlado,Media
1376,El servicio requiere una actualización no planeada que además podría generar un gasto adicional de infraestructura. La novedad sigue abierta al cierre del reporte.,Técnico,Sintético controlado,Alta
1377,El equipo informó que el arquitecto de solución asignado al proyecto salió del equipo y todavía no se ha definido su reemplazo. La novedad sigue abierta al cierre del reporte.,Recursos,Sintético controlado,Media
1378,En la revisión de avance se evidenció que la dependencia con el equipo de pruebas no se resolvió a tiempo y la siguiente actividad comenzará más tarde. El punto quedó registrado para revisión.,Cronograma,Sintético controlado,Media
1379,El equipo informó que el servicio de notificaciones presenta latencia elevada durante la preparación del despliegue.,Técnico,Sintético controlado,Media
1380,El consumo de infraestructura en la nube quedó por encima de lo estimado y aumentará el gasto mensual. El asunto fue escalado para definir el siguiente paso.,Costo,Sintético controlado,Media
1381,En la revisión de avance se evidenció que se detectó una incompatibilidad entre la versión actual del componente y una librería necesaria para la solución.,Técnico,Sintético controlado,Media
1382,En la revisión de avance se evidenció que el ambiente de pruebas pierde conexión con la base de datos de forma intermitente. La situación requiere seguimiento. El asunto fue escalado para definir el siguiente paso.,Técnico,Sintético controlado,Media
1383,Durante el seguimiento se identificó que el proceso de sincronización falla cuando el volumen de transacciones supera el límite configurado. El punto quedó registrado para revisión.,Técnico,Sintético controlado,Media
1384,La incorporación del nuevo ingeniero de datos requiere entrenamiento antes de asumir las tareas asignadas. La situación fue detectada antes del cierre de la iteración.,Recursos,Sintético controlado,Media
1385,La dependencia con el equipo funcional no se resolvió a tiempo y la siguiente actividad comenzará más tarde.,Cronograma,Sintético controlado,Media
1386,"Una tarea crítica presenta errores, pero el especialista que conoce el componente no estará disponible esta semana. La situación requiere seguimiento.",Recursos,Sintético controlado,Alta
1387,El equipo informó que el servicio requiere una actualización no planeada que además podría generar un gasto adicional de infraestructura. El responsable confirmó que se requiere una acción de mitigación.,Técnico,Sintético controlado,Alta
1388,"En la última reunión se reportó que el proveedor entregó el componente a tiempo, pero la versión instalada no es compatible con el entorno actual. La situación fue detectada antes del cierre de la iteración.",Técnico,Sintético controlado,Alta
1389,"El proveedor entregó el componente a tiempo, pero la versión instalada no es compatible con el entorno actual. La situación requiere seguimiento. El caso fue registrado en el seguimiento semanal.",Técnico,Sintético controlado,Alta
1390,La rotación reciente dejó al equipo sin suficiente experiencia sobre el servicio de notificaciones. La novedad sigue abierta al cierre del reporte.,Recursos,Sintético controlado,Media
1391,La revisión del flujo de onboarding está detenida: la única persona con permisos y conocimiento se encuentra fuera del proyecto. El caso fue registrado en el seguimiento semanal.,Recursos,Sintético controlado,Alta
1392,El despliegue más reciente provocó un comportamiento inesperado en el portal transaccional. La situación requiere seguimiento.,Técnico,Sintético controlado,Media
1393,El equipo informó que se requirió ampliar la capacidad del ambiente antes de continuar; esta espera mueve el salida a producción al siguiente periodo.,Cronograma,Sintético controlado,Alta
1394,El equipo informó que la revisión pendiente ha consumido tres días y todavía impide iniciar la actividad sucesora. El punto quedó registrado para revisión.,Cronograma,Sintético controlado,Media
1395,El equipo informó que la integración entre sistemas no está enviando correctamente todos los campos requeridos por el destino. La situación requiere seguimiento.,Técnico,Sintético controlado,Media
1396,"Durante el seguimiento se identificó que el proveedor puede mantener la fecha inicialmente acordada, pero únicamente con un servicio adicional de 6 millones de pesos. La situación fue detectada antes del cierre de la iteración.",Costo,Sintético controlado,Alta
1397,Durante el seguimiento se identificó que dos integrantes fueron trasladados a otra iniciativa y el equipo quedó con menor capacidad para atender las actividades. El asunto fue escalado para definir el siguiente paso.,Recursos,Sintético controlado,Media
1398,El equipo informó que la compra de componentes adicionales incrementará en 8 millones de pesos el valor total previsto.,Costo,Sintético controlado,Media
1399,Durante el seguimiento se identificó que el tercero de integración informó que la entrega del portal transaccional tomará diez días adicionales. La situación requiere seguimiento.,Cronograma,Sintético controlado,Media
1400,El analista de pruebas asignado al proyecto salió del equipo y todavía no se ha definido su reemplazo. La novedad sigue abierta al cierre del reporte.,Recursos,Sintético controlado,Media
1401,La incorporación del nuevo analista de pruebas requiere entrenamiento antes de asumir las tareas asignadas. El punto quedó registrado para revisión.,Recursos,Sintético controlado,Media
1402,En la última reunión se reportó que el validación con usuarios deberá moverse dos días porque una actividad previa continúa pendiente. El punto quedó registrado para revisión.,Cronograma,Sintético controlado,Media
1403,En la última reunión se reportó que no hay una persona con el conocimiento requerido para ejecutar la actividad especializada prevista.,Recursos,Sintético controlado,Media
1404,Las pruebas consumieron dos días más de lo planeado y será necesario reprogramar el despliegue productivo. La situación requiere seguimiento.,Cronograma,Sintético controlado,Media
1405,Durante el seguimiento se identificó que la ausencia temporal de un especialista dejó pendiente una validación y la entrega prevista deberá correrse cuatro días. La situación requiere seguimiento.,Cronograma,Sintético controlado,Alta
1406,Durante el seguimiento se identificó que el mecanismo de autenticación rechaza solicitudes válidas en algunos escenarios de prueba.,Técnico,Sintético controlado,Media
1407,En la última reunión se reportó que la incorporación del nuevo ingeniero DevOps requiere entrenamiento antes de asumir las tareas asignadas. La situación requiere seguimiento.,Recursos,Sintético controlado,Media
1408,Las pruebas consumieron dos semanas más de lo planeado y será necesario reprogramar el validación con usuarios.,Cronograma,Sintético controlado,Media
1409,En la revisión de avance se evidenció que la compra de componentes adicionales incrementará en 24 millones de pesos el valor total previsto. La situación requiere seguimiento.,Costo,Sintético controlado,Media
1410,Durante el seguimiento se identificó que se requieren 18 millones de pesos adicionales para completar la contratación necesaria en esta fase. El punto quedó registrado para revisión.,Costo,Sintético controlado,Media
1411,Durante el seguimiento se identificó que una falla detectada en el motor de reglas obligó a repetir pruebas y el inicio de pruebas se desplazará dos semanas.,Cronograma,Sintético controlado,Alta
1412,El equipo informó que el despliegue productivo deberá moverse diez días porque una actividad previa continúa pendiente. El punto quedó registrado para revisión. La novedad sigue abierta al cierre del reporte.,Cronograma,Sintético controlado,Media
1413,En la revisión de avance se evidenció que la integración entre sistemas no está enviando correctamente todos los campos requeridos por el destino.,Técnico,Sintético controlado,Media
1414,En la última reunión se reportó que el proveedor actualizó sus tarifas y el servicio quedará 30 % por encima del monto considerado inicialmente.,Costo,Sintético controlado,Media
1415,En la última reunión se reportó que el equipo de desarrollo informó que la entrega del motor de reglas tomará cuatro días adicionales. La novedad sigue abierta al cierre del reporte.,Cronograma,Sintético controlado,Media
1416,"El equipo informó que el proveedor entregó el componente a tiempo, pero la versión instalada no es compatible con el entorno actual.",Técnico,Sintético controlado,Alta
1417,El equipo informó que el proveedor externo informó que la entrega del ambiente de pruebas tomará quince días adicionales.,Cronograma,Sintético controlado,Media
1418,Para evitar afectar la fecha de entrega se contratará capacidad adicional por 15 millones de pesos no presupuestados. El punto quedó registrado para revisión. El caso fue registrado en el seguimiento semanal.,Costo,Sintético controlado,Alta
1419,La revisión del servicio de notificaciones está detenida: la única persona con permisos y conocimiento se encuentra fuera del proyecto. La novedad sigue abierta al cierre del reporte.,Recursos,Sintético controlado,Alta
1420,"Durante el seguimiento se identificó que el proveedor entregó el componente a tiempo, pero la versión instalada no es compatible con el entorno actual.",Técnico,Sintético controlado,Alta
1421,En la revisión de avance se evidenció que las pruebas consumieron dos semanas más de lo planeado y será necesario reprogramar el validación con usuarios.,Cronograma,Sintético controlado,Media
1422,El equipo informó que la renovación de licencias requiere 6 millones de pesos más frente a la estimación inicial. El punto quedó registrado para revisión.,Costo,Sintético controlado,Media
1423,La aprobación requerida para continuar lleva tres días pendiente y bloquea el siguiente hito.,Cronograma,Sintético controlado,Media
1424,Durante el seguimiento se identificó que el ambiente de pruebas pierde conexión con la base de datos de forma intermitente. La situación requiere seguimiento.,Técnico,Sintético controlado,Media
1425,"En la última reunión se reportó que para cubrir la falta de capacidad se evalúa contratar apoyo externo, aunque esto implicaría un gasto adicional. La situación fue detectada antes del cierre de la iteración.",Recursos,Sintético controlado,Alta
1426,La ausencia del ingeniero DevOps dejó sin atender una configuración y podría mover el cierre del sprint.,Recursos,Sintético controlado,Alta
1427,La aprobación requerida para continuar lleva dos semanas pendiente y bloquea el siguiente hito.,Cronograma,Sintético controlado,Media
1428,En la última reunión se reportó que el despliegue productivo deberá moverse quince días porque una actividad previa continúa pendiente. La situación requiere seguimiento. La situación fue detectada antes del cierre de la iteración.,Cronograma,Sintético controlado,Media
1429,En la última reunión se reportó que el avance de la iteración está por debajo de lo previsto y varias tareas pasarán al siguiente ciclo. La situación requiere seguimiento. El caso fue registrado en el seguimiento semanal.,Cronograma,Sintético controlado,Media
1430,"El equipo informó que para cubrir la falta de capacidad se evalúa contratar apoyo externo, aunque esto implicaría un gasto adicional. El punto quedó registrado para revisión. La novedad sigue abierta al cierre del reporte.",Recursos,Sintético controlado,Alta
1431,La actividad de configuración no terminó en la fecha prevista y desplazará el inicio de la siguiente fase. El responsable confirmó que se requiere una acción de mitigación.,Cronograma,Sintético controlado,Media
1432,En la última reunión se reportó que se requieren 30 millones de pesos adicionales para completar la contratación necesaria en esta fase. El responsable confirmó que se requiere una acción de mitigación.,Costo,Sintético controlado,Media
1433,En la revisión de avance se evidenció que los reprocesos de esta fase demandaron horas de consultoría que no estaban incluidas en la estimación original. La novedad sigue abierta al cierre del reporte.,Costo,Sintético controlado,Media
1434,Durante el seguimiento se identificó que las pruebas consumieron ocho días más de lo planeado y será necesario reprogramar el certificación del módulo. La situación requiere seguimiento.,Cronograma,Sintético controlado,Media
1435,Durante el seguimiento se identificó que la ausencia temporal de un especialista dejó pendiente una validación y la entrega prevista deberá correrse ocho días. El punto quedó registrado para revisión.,Cronograma,Sintético controlado,Alta
1436,En la última reunión se reportó que se presentó una vacante inesperada en el equipo y varias responsabilidades quedaron sin responsable directo. La novedad sigue abierta al cierre del reporte.,Recursos,Sintético controlado,Media
1437,Durante el seguimiento se identificó que el mecanismo de autenticación rechaza solicitudes válidas en algunos escenarios de prueba. La novedad sigue abierta al cierre del reporte.,Técnico,Sintético controlado,Media
1438,El único administrador de base de datos disponible está atendiendo dos frentes simultáneos y no puede cubrir todas las solicitudes. La situación requiere seguimiento. La novedad sigue abierta al cierre del reporte.,Recursos,Sintético controlado,Media
1439,La incorporación del nuevo desarrollador frontend requiere entrenamiento antes de asumir las tareas asignadas. La situación fue detectada antes del cierre de la iteración.,Recursos,Sintético controlado,Media
1440,Los registros procesados por el pipeline presentan valores inconsistentes frente a la fuente original. La situación requiere seguimiento. El caso fue registrado en el seguimiento semanal.,Técnico,Sintético controlado,Media
1441,Durante el seguimiento se identificó que una falla detectada en el servicio de notificaciones obligó a repetir pruebas y el cierre del sprint se desplazará ocho días. La situación requiere seguimiento.,Cronograma,Sintético controlado,Alta
1442,La aprobación requerida para continuar lleva cuatro días pendiente y bloquea el siguiente hito.,Cronograma,Sintético controlado,Media
1443,Durante el seguimiento se identificó que el avance de la iteración está por debajo de lo previsto y varias tareas pasarán al siguiente ciclo. La situación requiere seguimiento. El responsable confirmó que se requiere una acción de mitigación.,Cronograma,Sintético controlado,Media
1444,Durante el seguimiento se identificó que la aplicación consume más memoria de la esperada y se reinicia bajo alta carga. La situación requiere seguimiento. El asunto fue escalado para definir el siguiente paso.,Técnico,Sintético controlado,Media
1445,"Fue necesario adquirir capacidad adicional para el pipeline de datos, generando un desembolso no contemplado.",Costo,Sintético controlado,Media
1446,El equipo informó que el servicio requiere una actualización no planeada que además podría generar un gasto adicional de infraestructura. La situación requiere seguimiento.,Técnico,Sintético controlado,Alta
1447,La nueva cotización de el proveedor de nube supera en 15 % el valor aprobado para el servicio. La situación requiere seguimiento. La novedad sigue abierta al cierre del reporte.,Costo,Sintético controlado,Media
1448,La validación no puede continuar porque el componente devuelve información inconsistente después del último despliegue. La situación fue detectada antes del cierre de la iteración.,Técnico,Sintético controlado,Alta
1449,El proceso de sincronización falla cuando el volumen de transacciones supera el límite configurado. El punto quedó registrado para revisión.,Técnico,Sintético controlado,Media
1450,Durante el seguimiento se identificó que el proveedor actualizó sus tarifas y el servicio quedará 30 % por encima del monto considerado inicialmente.,Costo,Sintético controlado,Media
1451,El componente de facturación presenta pérdida de conexión en el último ciclo de validación.,Técnico,Sintético controlado,Media
1452,La revisión pendiente ha consumido dos semanas y todavía impide iniciar la actividad sucesora.,Cronograma,Sintético controlado,Media
1453,En la revisión de avance se evidenció que el mecanismo de autenticación rechaza solicitudes válidas en algunos escenarios de prueba. La novedad sigue abierta al cierre del reporte.,Técnico,Sintético controlado,Media
1454,Durante el seguimiento se identificó que las nuevas exigencias del área usuaria requieren más horas de desarrollo y aumentan el valor estimado en 12 %.,Costo,Sintético controlado,Alta
1455,El servicio requiere una actualización no planeada que además podría generar un gasto adicional de infraestructura. El punto quedó registrado para revisión.,Técnico,Sintético controlado,Alta
1456,El único arquitecto de solución disponible está atendiendo dos frentes simultáneos y no puede cubrir todas las solicitudes.,Recursos,Sintético controlado,Media
1457,La entrega del módulo de pagos fue reprogramada para una fecha posterior a la comprometida. La situación requiere seguimiento. El asunto fue escalado para definir el siguiente paso.,Cronograma,Sintético controlado,Media
1458,La renovación de licencias requiere 6 millones de pesos más frente a la estimación inicial. La novedad sigue abierta al cierre del reporte.,Costo,Sintético controlado,Media
1459,"Fue necesario adquirir capacidad adicional para el módulo de pagos, generando un desembolso no contemplado. La situación requiere seguimiento.",Costo,Sintético controlado,Media
1460,En la última reunión se reportó que la compra de componentes adicionales incrementará en 18 millones de pesos el valor total previsto. El punto quedó registrado para revisión.,Costo,Sintético controlado,Media
1461,En la revisión de avance se evidenció que la rotación reciente dejó al equipo sin suficiente experiencia sobre el integración con SAP. La situación requiere seguimiento.,Recursos,Sintético controlado,Media
1462,Los reprocesos de esta fase demandaron horas de consultoría que no estaban incluidas en la estimación original. El asunto fue escalado para definir el siguiente paso.,Costo,Sintético controlado,Media
1463,Durante el seguimiento se identificó que la revisión pendiente ha consumido dos días y todavía impide iniciar la actividad sucesora. El asunto fue escalado para definir el siguiente paso.,Cronograma,Sintético controlado,Media
1464,En la revisión de avance se evidenció que la ausencia del ingeniero de datos dejó sin atender una configuración y podría mover el inicio de la siguiente fase. La situación requiere seguimiento. El responsable confirmó que se requiere una acción de mitigación.,Recursos,Sintético controlado,Alta
1465,Las nuevas exigencias del área usuaria requieren más horas de desarrollo y aumentan el valor estimado en 22 %. El punto quedó registrado para revisión.,Costo,Sintético controlado,Alta
1466,La validación con usuarios inició tarde y el cierre de la fase tendrá que desplazarse. El asunto fue escalado para definir el siguiente paso.,Cronograma,Sintético controlado,Media
1467,"El equipo informó que para cubrir la falta de capacidad se evalúa contratar apoyo externo, aunque esto implicaría un gasto adicional.",Recursos,Sintético controlado,Alta
1468,El único líder técnico disponible está atendiendo dos frentes simultáneos y no puede cubrir todas las solicitudes. La situación fue detectada antes del cierre de la iteración.,Recursos,Sintético controlado,Media
1469,El despliegue más reciente provocó un comportamiento inesperado en el API de consulta. El asunto fue escalado para definir el siguiente paso.,Técnico,Sintético controlado,Media
1470,En la última reunión se reportó que la rotación reciente dejó al equipo sin suficiente experiencia sobre el API de consulta.,Recursos,Sintético controlado,Media
1471,"En la revisión de avance se evidenció que para cubrir la falta de capacidad se evalúa contratar apoyo externo, aunque esto implicaría un gasto adicional.",Recursos,Sintético controlado,Alta
1472,Una falla del componente de facturación está obligando a repetir pruebas y podría afectar la fecha prevista de cierre.,Técnico,Sintético controlado,Alta
1473,En la revisión de avance se evidenció que el flujo de onboarding presenta bloqueos de concurrencia en el ambiente de certificación. La situación requiere seguimiento.,Técnico,Sintético controlado,Media
1474,En la última reunión se reportó que el equipo de pruebas no cuenta con suficientes analistas para cubrir todos los escenarios definidos. La situación requiere seguimiento. La situación fue detectada antes del cierre de la iteración.,Recursos,Sintético controlado,Media
1475,La compra de componentes adicionales incrementará en 18 millones de pesos el valor total previsto. El caso fue registrado en el seguimiento semanal.,Costo,Sintético controlado,Media
1476,La integración entre sistemas no está enviando correctamente todos los campos requeridos por el destino.,Técnico,Sintético controlado,Media
1477,La nueva cotización de el equipo de arquitectura supera en 20 % el valor aprobado para el servicio.,Costo,Sintético controlado,Media
1478,El equipo no alcanzó a completar las pruebas porque parte de sus integrantes fue reasignada a una atención prioritaria. El punto quedó registrado para revisión.,Recursos,Sintético controlado,Alta
1479,El equipo informó que el proveedor actualizó sus tarifas y el servicio quedará 22 % por encima del monto considerado inicialmente. El punto quedó registrado para revisión.,Costo,Sintético controlado,Media
1480,En la última reunión se reportó que la renovación de licencias requiere 18 millones de pesos más frente a la estimación inicial. La situación requiere seguimiento.,Costo,Sintético controlado,Media
1481,La nueva cotización de el equipo de pruebas supera en 22 % el valor aprobado para el servicio.,Costo,Sintético controlado,Media
1482,La renovación de licencias requiere 12 millones de pesos más frente a la estimación inicial. La situación requiere seguimiento.,Costo,Sintético controlado,Media
1483,En la última reunión se reportó que la compra de componentes adicionales incrementará en 30 millones de pesos el valor total previsto. La situación requiere seguimiento.,Costo,Sintético controlado,Media
1484,Se requirió ampliar la capacidad del ambiente antes de continuar; esta espera mueve el inicio de la siguiente fase al siguiente periodo. El punto quedó registrado para revisión.,Cronograma,Sintético controlado,Alta
1485,Durante el seguimiento se identificó que la ausencia temporal de un especialista dejó pendiente una validación y la entrega prevista deberá correrse dos semanas.,Cronograma,Sintético controlado,Alta
1486,Se requieren 8 millones de pesos adicionales para completar la contratación necesaria en esta fase. La situación requiere seguimiento.,Costo,Sintético controlado,Media
1487,El validación con usuarios deberá moverse tres días porque una actividad previa continúa pendiente. El punto quedó registrado para revisión.,Cronograma,Sintético controlado,Media
1488,La compra de componentes adicionales incrementará en 24 millones de pesos el valor total previsto.,Costo,Sintético controlado,Media
1489,El especialista de integración asignado al proyecto salió del equipo y todavía no se ha definido su reemplazo. El caso fue registrado en el seguimiento semanal.,Recursos,Sintético controlado,Media
1490,"El equipo disponible es reducido, pero el bloqueo actual se origina en errores recurrentes de comunicación entre los sistemas.",Técnico,Sintético controlado,Alta
1491,El único desarrollador backend disponible está atendiendo dos frentes simultáneos y no puede cubrir todas las solicitudes. La novedad sigue abierta al cierre del reporte.,Recursos,Sintético controlado,Media
1492,La entrega del servicio de notificaciones fue reprogramada para una fecha posterior a la comprometida. La situación requiere seguimiento.,Cronograma,Sintético controlado,Media
1493,En la última reunión se reportó que el equipo no alcanzó a completar las pruebas porque parte de sus integrantes fue reasignada a una atención prioritaria.,Recursos,Sintético controlado,Alta
1494,En la revisión de avance se evidenció que las pruebas consumieron una semana más de lo planeado y será necesario reprogramar el validación con usuarios. El punto quedó registrado para revisión.,Cronograma,Sintético controlado,Media
1495,Durante el seguimiento se identificó que la renovación de licencias requiere 15 millones de pesos más frente a la estimación inicial.,Costo,Sintético controlado,Media
1496,La integración entre sistemas no está enviando correctamente todos los campos requeridos por el destino. El responsable confirmó que se requiere una acción de mitigación.,Técnico,Sintético controlado,Media
1497,El equipo funcional tendrá disponibilidad parcial durante las próximas semanas por asignaciones en otra iniciativa. La situación requiere seguimiento. El asunto fue escalado para definir el siguiente paso.,Recursos,Sintético controlado,Media
1498,"El proveedor puede mantener la fecha inicialmente acordada, pero únicamente con un servicio adicional de 30 millones de pesos. La situación requiere seguimiento. La situación fue detectada antes del cierre de la iteración.",Costo,Sintético controlado,Alta
1499,Durante el seguimiento se identificó que el despliegue más reciente provocó un comportamiento inesperado en el ambiente de pruebas.,Técnico,Sintético controlado,Media
1500,La incorporación del nuevo analista de pruebas requiere entrenamiento antes de asumir las tareas asignadas.,Recursos,Sintético controlado,Media
1501,El equipo informó que dos integrantes fueron trasladados a otra iniciativa y el equipo quedó con menor capacidad para atender las actividades.,Recursos,Sintético controlado,Media
1502,El equipo informó que no hay una persona con el conocimiento requerido para ejecutar la actividad especializada prevista.,Recursos,Sintético controlado,Media
1503,"El proveedor entregó el componente a tiempo, pero la versión instalada no es compatible con el entorno actual. El punto quedó registrado para revisión. La novedad sigue abierta al cierre del reporte.",Técnico,Sintético controlado,Alta
1504,La compra de componentes adicionales incrementará en 15 millones de pesos el valor total previsto.,Costo,Sintético controlado,Media
1505,El equipo informó que la integración entre sistemas no está enviando correctamente todos los campos requeridos por el destino. El caso fue registrado en el seguimiento semanal.,Técnico,Sintético controlado,Media
1506,El equipo informó que el equipo funcional tendrá disponibilidad parcial durante las próximas semanas por asignaciones en otra iniciativa. El punto quedó registrado para revisión.,Recursos,Sintético controlado,Media
1507,En la última reunión se reportó que la renovación de licencias requiere 24 millones de pesos más frente a la estimación inicial.,Costo,Sintético controlado,Media
1508,En la revisión de avance se evidenció que el único analista funcional disponible está atendiendo dos frentes simultáneos y no puede cubrir todas las solicitudes.,Recursos,Sintético controlado,Media
1509,La incorporación del nuevo especialista de integración requiere entrenamiento antes de asumir las tareas asignadas. La situación fue detectada antes del cierre de la iteración.,Recursos,Sintético controlado,Media
1510,"En la revisión de avance se evidenció que el proveedor pidió un ajuste adicional antes de entregar el componente, por lo que la fecha comprometida ya no podrá mantenerse. La situación requiere seguimiento. El asunto fue escalado para definir el siguiente paso.",Cronograma,Sintético controlado,Alta
1511,La compra de componentes adicionales incrementará en 30 millones de pesos el valor total previsto. La situación requiere seguimiento. La situación fue detectada antes del cierre de la iteración.,Costo,Sintético controlado,Media
1512,Una falla del módulo de clientes está obligando a repetir pruebas y podría afectar la fecha prevista de cierre. La situación requiere seguimiento.,Técnico,Sintético controlado,Alta
1513,Se detectó una incompatibilidad entre la versión actual del componente y una librería necesaria para la solución. La situación fue detectada antes del cierre de la iteración.,Técnico,Sintético controlado,Media
1514,La nueva cotización de el área de infraestructura supera en 30 % el valor aprobado para el servicio. La situación requiere seguimiento.,Costo,Sintético controlado,Media
1515,El proceso de sincronización falla cuando el volumen de transacciones supera el límite configurado. La situación requiere seguimiento. La situación fue detectada antes del cierre de la iteración.,Técnico,Sintético controlado,Media
1516,"El equipo informó que fue necesario adquirir capacidad adicional para el integración con SAP, generando un desembolso no contemplado. El punto quedó registrado para revisión.",Costo,Sintético controlado,Media
1517,La aplicación consume más memoria de la esperada y se reinicia bajo alta carga. El punto quedó registrado para revisión.,Técnico,Sintético controlado,Media
1518,En la última reunión se reportó que la aprobación requerida para continuar lleva dos semanas pendiente y bloquea el siguiente hito.,Cronograma,Sintético controlado,Media
1519,Las nuevas exigencias del área usuaria requieren más horas de desarrollo y aumentan el valor estimado en 18 %. La situación requiere seguimiento.,Costo,Sintético controlado,Alta
1520,En la última reunión se reportó que una incompatibilidad en el módulo de pagos obliga a adquirir una licencia adicional por 30 millones de pesos.,Costo,Sintético controlado,Alta
1521,El equipo informó que el ambiente de pruebas pierde conexión con la base de datos de forma intermitente. El caso fue registrado en el seguimiento semanal.,Técnico,Sintético controlado,Media
1522,El equipo informó que la compra de componentes adicionales incrementará en 12 millones de pesos el valor total previsto. El punto quedó registrado para revisión.,Costo,Sintético controlado,Media
1523,La revisión pendiente ha consumido cuatro días y todavía impide iniciar la actividad sucesora. El asunto fue escalado para definir el siguiente paso.,Cronograma,Sintético controlado,Media
1524,El equipo informó que la aprobación requerida para continuar lleva diez días pendiente y bloquea el siguiente hito.,Cronograma,Sintético controlado,Media
1525,Los registros procesados por el pipeline presentan valores inconsistentes frente a la fuente original. La situación requiere seguimiento. La novedad sigue abierta al cierre del reporte.,Técnico,Sintético controlado,Media
1526,El equipo informó que el flujo de onboarding presenta bloqueos de concurrencia en el ambiente de certificación. El punto quedó registrado para revisión.,Técnico,Sintético controlado,Media
1527,El API de consulta presenta timeouts frecuentes al ejecutar los casos de prueba. El caso fue registrado en el seguimiento semanal.,Técnico,Sintético controlado,Media
1528,Durante el seguimiento se identificó que la nueva cotización de el tercero de integración supera en 15 % el valor aprobado para el servicio. El punto quedó registrado para revisión.,Costo,Sintético controlado,Media
1529,El equipo informó que el API de consulta presenta errores intermitentes al aumentar el volumen de transacciones. La situación requiere seguimiento. El asunto fue escalado para definir el siguiente paso.,Técnico,Sintético controlado,Media
1530,No hay una persona con el conocimiento requerido para ejecutar la actividad especializada prevista. La novedad sigue abierta al cierre del reporte.,Recursos,Sintético controlado,Media
1531,La renovación de licencias requiere 42 millones de pesos más frente a la estimación inicial. La situación requiere seguimiento.,Costo,Sintético controlado,Media
1532,En la última reunión se reportó que el motor de reglas presenta duplicación de registros durante la preparación del despliegue.,Técnico,Sintético controlado,Media
1533,El único analista funcional disponible está atendiendo dos frentes simultáneos y no puede cubrir todas las solicitudes. La situación requiere seguimiento. El asunto fue escalado para definir el siguiente paso.,Recursos,Sintético controlado,Media
1534,El equipo informó que la ausencia temporal de un especialista dejó pendiente una validación y la entrega prevista deberá correrse diez días.,Cronograma,Sintético controlado,Alta
1535,Durante el seguimiento se identificó que la integración entre sistemas no está enviando correctamente todos los campos requeridos por el destino. La situación requiere seguimiento.,Técnico,Sintético controlado,Media
1536,El equipo informó que el área usuaria informó que la entrega del servicio de autenticación tomará ocho días adicionales. La situación requiere seguimiento.,Cronograma,Sintético controlado,Media
1537,Se requieren 18 millones de pesos adicionales para completar la contratación necesaria en esta fase. La situación requiere seguimiento. La situación fue detectada antes del cierre de la iteración.,Costo,Sintético controlado,Media
1538,El ambiente de pruebas presenta duplicación de registros en el ambiente de certificación. La situación fue detectada antes del cierre de la iteración.,Técnico,Sintético controlado,Media
1539,El despliegue más reciente provocó un comportamiento inesperado en el motor de reglas.,Técnico,Sintético controlado,Media
1540,El equipo informó que el equipo funcional informó que la entrega del servicio de notificaciones tomará una semana adicionales.,Cronograma,Sintético controlado,Media
1541,En la última reunión se reportó que la incorporación del nuevo especialista de integración requiere entrenamiento antes de asumir las tareas asignadas.,Recursos,Sintético controlado,Media
1542,"El proveedor puede mantener la fecha inicialmente acordada, pero únicamente con un servicio adicional de 12 millones de pesos.",Costo,Sintético controlado,Alta
1543,En la última reunión se reportó que la ausencia temporal de un especialista dejó pendiente una validación y la entrega prevista deberá correrse quince días. La situación requiere seguimiento. El caso fue registrado en el seguimiento semanal.,Cronograma,Sintético controlado,Alta
1544,"El proveedor pidió un ajuste adicional antes de entregar el componente, por lo que la fecha comprometida ya no podrá mantenerse. El asunto fue escalado para definir el siguiente paso.",Cronograma,Sintético controlado,Alta
1545,El despliegue más reciente provocó un comportamiento inesperado en el servicio de notificaciones. El responsable confirmó que se requiere una acción de mitigación.,Técnico,Sintético controlado,Media
1546,El equipo informó que la renovación de licencias requiere 18 millones de pesos más frente a la estimación inicial. La situación fue detectada antes del cierre de la iteración.,Costo,Sintético controlado,Media
1547,Durante el seguimiento se identificó que la actividad de configuración no terminó en la fecha prevista y desplazará el inicio de pruebas.,Cronograma,Sintético controlado,Media
1548,El área usuaria informó que la entrega del flujo de onboarding tomará dos semanas adicionales. El punto quedó registrado para revisión.,Cronograma,Sintético controlado,Media
1549,"El proveedor entregó el componente a tiempo, pero la versión instalada no es compatible con el entorno actual. El caso fue registrado en el seguimiento semanal.",Técnico,Sintético controlado,Alta
1550,Las horas adicionales de consultoría agotaron la reserva económica prevista para esta etapa. El caso fue registrado en el seguimiento semanal.,Costo,Sintético controlado,Media
1551,En la revisión de avance se evidenció que dos integrantes fueron trasladados a otra iniciativa y el equipo quedó con menor capacidad para atender las actividades.,Recursos,Sintético controlado,Media
1552,La validación no puede continuar porque el componente devuelve información inconsistente después del último despliegue. El caso fue registrado en el seguimiento semanal.,Técnico,Sintético controlado,Alta
1553,El único ingeniero de datos disponible está atendiendo dos frentes simultáneos y no puede cubrir todas las solicitudes.,Recursos,Sintético controlado,Media
1554,La aplicación consume más memoria de la esperada y se reinicia bajo alta carga. La situación requiere seguimiento. La situación fue detectada antes del cierre de la iteración.,Técnico,Sintético controlado,Media
1555,El equipo informó que el equipo de desarrollo informó que la entrega del servicio de notificaciones tomará dos semanas adicionales.,Cronograma,Sintético controlado,Media
1556,En la revisión de avance se evidenció que la dependencia con el líder de frente no se resolvió a tiempo y la siguiente actividad comenzará más tarde. La situación requiere seguimiento.,Cronograma,Sintético controlado,Media
1557,Los registros procesados por el pipeline presentan valores inconsistentes frente a la fuente original. La situación fue detectada antes del cierre de la iteración.,Técnico,Sintético controlado,Media
1558,El equipo de pruebas no cuenta con suficientes analistas para cubrir todos los escenarios definidos. El punto quedó registrado para revisión. La novedad sigue abierta al cierre del reporte.,Recursos,Sintético controlado,Media
1559,En la última reunión se reportó que una falla detectada en el servicio de autenticación obligó a repetir pruebas y el cierre de la iteración se desplazará dos semanas.,Cronograma,Sintético controlado,Alta
1560,"Durante el seguimiento se identificó que fue necesario adquirir capacidad adicional para el módulo de clientes, generando un desembolso no contemplado. El punto quedó registrado para revisión.",Costo,Sintético controlado,Media
1561,El cierre de la iteración deberá moverse diez días porque una actividad previa continúa pendiente.,Cronograma,Sintético controlado,Media
1562,El equipo informó que se requirió ampliar la capacidad del ambiente antes de continuar; esta espera mueve el entrega del incremento al siguiente periodo. El responsable confirmó que se requiere una acción de mitigación.,Cronograma,Sintético controlado,Alta
1563,La aplicación consume más memoria de la esperada y se reinicia bajo alta carga.,Técnico,Sintético controlado,Media
1564,En la revisión de avance se evidenció que la renovación de licencias requiere 6 millones de pesos más frente a la estimación inicial. La situación requiere seguimiento.,Costo,Sintético controlado,Media
1565,En la última reunión se reportó que el equipo de pruebas no cuenta con suficientes analistas para cubrir todos los escenarios definidos. El punto quedó registrado para revisión.,Recursos,Sintético controlado,Media
1566,En la revisión de avance se evidenció que la rotación reciente dejó al equipo sin suficiente experiencia sobre el integración con SAP. La situación requiere seguimiento. La situación fue detectada antes del cierre de la iteración.,Recursos,Sintético controlado,Media
1567,En la última reunión se reportó que la revisión pendiente ha consumido dos semanas y todavía impide iniciar la actividad sucesora.,Cronograma,Sintético controlado,Media
1568,Durante el seguimiento se identificó que la dependencia con el proveedor de nube no se resolvió a tiempo y la siguiente actividad comenzará más tarde. La situación fue detectada antes del cierre de la iteración.,Cronograma,Sintético controlado,Media
1569,"Durante el seguimiento se identificó que el proveedor pidió un ajuste adicional antes de entregar el componente, por lo que la fecha comprometida ya no podrá mantenerse.",Cronograma,Sintético controlado,Alta
1570,Las horas adicionales de consultoría agotaron la reserva económica prevista para esta etapa. La novedad sigue abierta al cierre del reporte.,Costo,Sintético controlado,Media
1571,El único ingeniero DevOps disponible está atendiendo dos frentes simultáneos y no puede cubrir todas las solicitudes. La situación requiere seguimiento.,Recursos,Sintético controlado,Media
1572,"En la última reunión se reportó que fue necesario adquirir capacidad adicional para el módulo de pagos, generando un desembolso no contemplado. La situación requiere seguimiento.",Costo,Sintético controlado,Media
1573,Se detectó una incompatibilidad entre la versión actual del componente y una librería necesaria para la solución. La situación requiere seguimiento.,Técnico,Sintético controlado,Media
1574,Una falla del flujo de onboarding está obligando a repetir pruebas y podría afectar la fecha prevista de cierre. El punto quedó registrado para revisión. La novedad sigue abierta al cierre del reporte.,Técnico,Sintético controlado,Alta
1575,En la revisión de avance se evidenció que el único ingeniero de datos disponible está atendiendo dos frentes simultáneos y no puede cubrir todas las solicitudes.,Recursos,Sintético controlado,Media
1576,El equipo funcional tendrá disponibilidad parcial durante las próximas semanas por asignaciones en otra iniciativa. La situación requiere seguimiento.,Recursos,Sintético controlado,Media
1577,"El proveedor pidió un ajuste adicional antes de entregar el componente, por lo que la fecha comprometida ya no podrá mantenerse. El punto quedó registrado para revisión.",Cronograma,Sintético controlado,Alta
1578,En la revisión de avance se evidenció que una nueva revisión de seguridad agregó actividades no previstas y el cierre del sprint quedará para la siguiente semana. La situación requiere seguimiento.,Cronograma,Sintético controlado,Alta
1579,Durante el seguimiento se identificó que se requirió ampliar la capacidad del ambiente antes de continuar; esta espera mueve el despliegue productivo al siguiente periodo. La situación requiere seguimiento. El caso fue registrado en el seguimiento semanal.,Cronograma,Sintético controlado,Alta
1580,"Durante el seguimiento se identificó que el equipo disponible es reducido, pero el bloqueo actual se origina en errores recurrentes de comunicación entre los sistemas. El punto quedó registrado para revisión.",Técnico,Sintético controlado,Alta
1581,Durante el seguimiento se identificó que la nueva cotización de el equipo de datos supera en 25 % el valor aprobado para el servicio.,Costo,Sintético controlado,Media
1582,Una falla del componente de facturación está obligando a repetir pruebas y podría afectar la fecha prevista de cierre. El asunto fue escalado para definir el siguiente paso.,Técnico,Sintético controlado,Alta
1583,En la última reunión se reportó que la ausencia del desarrollador frontend dejó sin atender una configuración y podría mover el cierre de la iteración.,Recursos,Sintético controlado,Alta
1584,El equipo funcional tendrá disponibilidad parcial durante las próximas semanas por asignaciones en otra iniciativa. El punto quedó registrado para revisión. El asunto fue escalado para definir el siguiente paso.,Recursos,Sintético controlado,Media
1585,El equipo informó que la nueva cotización de el proveedor de nube supera en 15 % el valor aprobado para el servicio. La situación fue detectada antes del cierre de la iteración.,Costo,Sintético controlado,Media
1586,El equipo informó que la dependencia con el equipo de pruebas no se resolvió a tiempo y la siguiente actividad comenzará más tarde. El caso fue registrado en el seguimiento semanal.,Cronograma,Sintético controlado,Media
1587,En la última reunión se reportó que la revisión pendiente ha consumido quince días y todavía impide iniciar la actividad sucesora. El punto quedó registrado para revisión.,Cronograma,Sintético controlado,Media
1588,En la revisión de avance se evidenció que el integración con SAP presenta fallas de autenticación al aumentar el volumen de transacciones. La situación requiere seguimiento.,Técnico,Sintético controlado,Media
1589,El equipo de pruebas no cuenta con suficientes analistas para cubrir todos los escenarios definidos. El caso fue registrado en el seguimiento semanal.,Recursos,Sintético controlado,Media
1590,Durante el seguimiento se identificó que la incorporación del nuevo desarrollador backend requiere entrenamiento antes de asumir las tareas asignadas.,Recursos,Sintético controlado,Media
1591,En la revisión de avance se evidenció que se detectó una incompatibilidad entre la versión actual del componente y una librería necesaria para la solución. El punto quedó registrado para revisión.,Técnico,Sintético controlado,Media
1592,Una falla detectada en el módulo de clientes obligó a repetir pruebas y el salida a producción se desplazará cuatro días. El punto quedó registrado para revisión. La novedad sigue abierta al cierre del reporte.,Cronograma,Sintético controlado,Alta
1593,Durante el seguimiento se identificó que el proveedor actualizó sus tarifas y el servicio quedará 25 % por encima del monto considerado inicialmente. El punto quedó registrado para revisión.,Costo,Sintético controlado,Media
1594,El equipo informó que una falla del ambiente de pruebas está obligando a repetir pruebas y podría afectar la fecha prevista de cierre.,Técnico,Sintético controlado,Alta
1595,El equipo informó que los registros procesados por el pipeline presentan valores inconsistentes frente a la fuente original. El punto quedó registrado para revisión.,Técnico,Sintético controlado,Media
1596,El equipo de pruebas informó que la entrega del ambiente de pruebas tomará dos días adicionales. La situación requiere seguimiento.,Cronograma,Sintético controlado,Media
1597,El despliegue más reciente provocó un comportamiento inesperado en el flujo de onboarding. El punto quedó registrado para revisión.,Técnico,Sintético controlado,Media
1598,El despliegue más reciente provocó un comportamiento inesperado en el servicio de notificaciones. El caso fue registrado en el seguimiento semanal.,Técnico,Sintético controlado,Media
1599,En la revisión de avance se evidenció que el integración con SAP presenta bloqueos de concurrencia en el último ciclo de validación. El punto quedó registrado para revisión.,Técnico,Sintético controlado,Media
1600,El equipo informó que el equipo funcional tendrá disponibilidad parcial durante las próximas semanas por asignaciones en otra iniciativa.,Recursos,Sintético controlado,Media
1601,En la revisión de avance se evidenció que el avance de la iteración está por debajo de lo previsto y varias tareas pasarán al siguiente ciclo. La situación fue detectada antes del cierre de la iteración.,Cronograma,Sintético controlado,Media
1602,En la revisión de avance se evidenció que el despliegue más reciente provocó un comportamiento inesperado en el API de consulta. La situación requiere seguimiento. El caso fue registrado en el seguimiento semanal.,Técnico,Sintético controlado,Media
1603,El equipo informó que la dependencia con el líder de frente no se resolvió a tiempo y la siguiente actividad comenzará más tarde.,Cronograma,Sintético controlado,Media
1604,El avance de la iteración está por debajo de lo previsto y varias tareas pasarán al siguiente ciclo. El punto quedó registrado para revisión. El caso fue registrado en el seguimiento semanal.,Cronograma,Sintético controlado,Media
1605,El avance de la iteración está por debajo de lo previsto y varias tareas pasarán al siguiente ciclo. La situación requiere seguimiento. La situación fue detectada antes del cierre de la iteración.,Cronograma,Sintético controlado,Media
1606,En la última reunión se reportó que la aplicación consume más memoria de la esperada y se reinicia bajo alta carga. El punto quedó registrado para revisión.,Técnico,Sintético controlado,Media
1607,El equipo informó que el ambiente de pruebas pierde conexión con la base de datos de forma intermitente. La situación requiere seguimiento. La novedad sigue abierta al cierre del reporte.,Técnico,Sintético controlado,Media
1608,En la última reunión se reportó que la aprobación requerida para continuar lleva quince días pendiente y bloquea el siguiente hito. La situación requiere seguimiento. La novedad sigue abierta al cierre del reporte.,Cronograma,Sintético controlado,Media
1609,La entrega del módulo de pagos fue reprogramada para una fecha posterior a la comprometida. La situación fue detectada antes del cierre de la iteración.,Cronograma,Sintético controlado,Media
1610,El equipo informó que la actividad de configuración no terminó en la fecha prevista y desplazará el entrega del incremento.,Cronograma,Sintético controlado,Media
1611,La actividad de configuración no terminó en la fecha prevista y desplazará el despliegue productivo. El punto quedó registrado para revisión.,Cronograma,Sintético controlado,Media
1612,Durante el seguimiento se identificó que el despliegue más reciente provocó un comportamiento inesperado en el módulo de pagos.,Técnico,Sintético controlado,Media
1613,La compra de componentes adicionales incrementará en 8 millones de pesos el valor total previsto. La situación requiere seguimiento. El asunto fue escalado para definir el siguiente paso.,Costo,Sintético controlado,Media
1614,El equipo informó que la renovación de licencias requiere 30 millones de pesos más frente a la estimación inicial.,Costo,Sintético controlado,Media
1615,El equipo informó que las nuevas exigencias del área usuaria requieren más horas de desarrollo y aumentan el valor estimado en 30 %.,Costo,Sintético controlado,Alta
1616,El despliegue productivo deberá moverse diez días porque una actividad previa continúa pendiente.,Cronograma,Sintético controlado,Media
1617,El equipo informó que el equipo funcional tendrá disponibilidad parcial durante las próximas semanas por asignaciones en otra iniciativa. El caso fue registrado en el seguimiento semanal.,Recursos,Sintético controlado,Media
1618,"Durante el seguimiento se identificó que al ejecutar solicitudes simultáneas, el servicio responde con errores y deja operaciones incompletas. El punto quedó registrado para revisión.",Técnico,Sintético controlado,Media
1619,El equipo funcional tendrá disponibilidad parcial durante las próximas semanas por asignaciones en otra iniciativa. La situación fue detectada antes del cierre de la iteración.,Recursos,Sintético controlado,Media
1620,En la revisión de avance se evidenció que las horas adicionales de consultoría agotaron la reserva económica prevista para esta etapa. El punto quedó registrado para revisión.,Costo,Sintético controlado,Media
1621,El equipo informó que la revisión pendiente ha consumido una semana y todavía impide iniciar la actividad sucesora.,Cronograma,Sintético controlado,Media
1622,El despliegue más reciente provocó un comportamiento inesperado en el ambiente de pruebas. El punto quedó registrado para revisión.,Técnico,Sintético controlado,Media
1623,"En la revisión de avance se evidenció que el proveedor entregó el componente a tiempo, pero la versión instalada no es compatible con el entorno actual. El punto quedó registrado para revisión.",Técnico,Sintético controlado,Alta
1624,El valor acumulado de la implementación ya consume más presupuesto del esperado para el nivel de avance actual. El punto quedó registrado para revisión. El asunto fue escalado para definir el siguiente paso.,Costo,Sintético controlado,Media
1625,El único ingeniero de datos disponible está atendiendo dos frentes simultáneos y no puede cubrir todas las solicitudes. El punto quedó registrado para revisión. La novedad sigue abierta al cierre del reporte.,Recursos,Sintético controlado,Media
1626,El equipo informó que la incorporación del nuevo arquitecto de solución requiere entrenamiento antes de asumir las tareas asignadas. La situación requiere seguimiento. El asunto fue escalado para definir el siguiente paso.,Recursos,Sintético controlado,Media
1627,El equipo informó que la nueva cotización de el área de infraestructura supera en 8 % el valor aprobado para el servicio.,Costo,Sintético controlado,Media
1628,"En la última reunión se reportó que el proveedor entregó el componente a tiempo, pero la versión instalada no es compatible con el entorno actual. El caso fue registrado en el seguimiento semanal.",Técnico,Sintético controlado,Alta
1629,"En la revisión de avance se evidenció que al ejecutar solicitudes simultáneas, el servicio responde con errores y deja operaciones incompletas.",Técnico,Sintético controlado,Media
1630,Una incompatibilidad en el módulo de pagos obliga a adquirir una licencia adicional por 6 millones de pesos.,Costo,Sintético controlado,Alta
1631,Se presentó una vacante inesperada en el equipo y varias responsabilidades quedaron sin responsable directo. La situación fue detectada antes del cierre de la iteración.,Recursos,Sintético controlado,Media
1632,En la última reunión se reportó que el despliegue más reciente provocó un comportamiento inesperado en el servicio de notificaciones. La situación requiere seguimiento. El asunto fue escalado para definir el siguiente paso.,Técnico,Sintético controlado,Media
1633,El equipo informó que la aplicación consume más memoria de la esperada y se reinicia bajo alta carga. El punto quedó registrado para revisión. La situación fue detectada antes del cierre de la iteración.,Técnico,Sintético controlado,Media
1634,El equipo informó que el ambiente de pruebas pierde conexión con la base de datos de forma intermitente. La situación requiere seguimiento. El responsable confirmó que se requiere una acción de mitigación.,Técnico,Sintético controlado,Media
1635,La revisión pendiente ha consumido ocho días y todavía impide iniciar la actividad sucesora. La situación requiere seguimiento.,Cronograma,Sintético controlado,Media
1636,En la última reunión se reportó que los registros procesados por el pipeline presentan valores inconsistentes frente a la fuente original. La situación requiere seguimiento. La situación fue detectada antes del cierre de la iteración.,Técnico,Sintético controlado,Media
1637,La rotación reciente dejó al equipo sin suficiente experiencia sobre el servicio de notificaciones. La situación requiere seguimiento. La novedad sigue abierta al cierre del reporte.,Recursos,Sintético controlado,Media
1638,En la revisión de avance se evidenció que la validación no puede continuar porque el componente devuelve información inconsistente después del último despliegue.,Técnico,Sintético controlado,Alta
1639,La entrega del integración con SAP fue reprogramada para una fecha posterior a la comprometida. El punto quedó registrado para revisión. El responsable confirmó que se requiere una acción de mitigación.,Cronograma,Sintético controlado,Media
1640,El equipo informó que el consumo de infraestructura en la nube quedó por encima de lo estimado y aumentará el gasto mensual. La novedad sigue abierta al cierre del reporte.,Costo,Sintético controlado,Media
1641,El equipo informó que la revisión pendiente ha consumido quince días y todavía impide iniciar la actividad sucesora. La situación fue detectada antes del cierre de la iteración.,Cronograma,Sintético controlado,Media
1642,El ambiente de pruebas pierde conexión con la base de datos de forma intermitente. La situación fue detectada antes del cierre de la iteración.,Técnico,Sintético controlado,Media
1643,Durante el seguimiento se identificó que el proveedor actualizó sus tarifas y el servicio quedará 12 % por encima del monto considerado inicialmente. La novedad sigue abierta al cierre del reporte.,Costo,Sintético controlado,Media
1644,El equipo informó que el despliegue más reciente provocó un comportamiento inesperado en el componente de facturación.,Técnico,Sintético controlado,Media
1645,El ambiente de pruebas pierde conexión con la base de datos de forma intermitente. La situación requiere seguimiento. El asunto fue escalado para definir el siguiente paso.,Técnico,Sintético controlado,Media
1646,En la última reunión se reportó que se presentó una vacante inesperada en el equipo y varias responsabilidades quedaron sin responsable directo. El responsable confirmó que se requiere una acción de mitigación.,Recursos,Sintético controlado,Media
1647,Para evitar afectar la fecha de entrega se contratará capacidad adicional por 42 millones de pesos no presupuestados.,Costo,Sintético controlado,Alta
1648,La rotación reciente dejó al equipo sin suficiente experiencia sobre el pipeline de datos. El punto quedó registrado para revisión. El caso fue registrado en el seguimiento semanal.,Recursos,Sintético controlado,Media
1649,En la revisión de avance se evidenció que se requieren 30 millones de pesos adicionales para completar la contratación necesaria en esta fase. El punto quedó registrado para revisión. El responsable confirmó que se requiere una acción de mitigación.,Costo,Sintético controlado,Media
1650,La ausencia del líder técnico dejó sin atender una configuración y podría mover el inicio de pruebas.,Recursos,Sintético controlado,Alta
1651,En la última reunión se reportó que la salida de un especialista exige contratar soporte externo y eleva el gasto previsto en 18 %. La situación requiere seguimiento.,Costo,Sintético controlado,Alta
1652,Las horas adicionales de consultoría agotaron la reserva económica prevista para esta etapa. El punto quedó registrado para revisión.,Costo,Sintético controlado,Media
1653,Durante el seguimiento se identificó que el proveedor actualizó sus tarifas y el servicio quedará 15 % por encima del monto considerado inicialmente.,Costo,Sintético controlado,Media
1654,Durante el seguimiento se identificó que el valor acumulado de la implementación ya consume más presupuesto del esperado para el nivel de avance actual. La situación requiere seguimiento.,Costo,Sintético controlado,Media
1655,Durante el seguimiento se identificó que el equipo de pruebas no cuenta con suficientes analistas para cubrir todos los escenarios definidos. El responsable confirmó que se requiere una acción de mitigación.,Recursos,Sintético controlado,Media
1656,Durante el seguimiento se identificó que el equipo funcional tendrá disponibilidad parcial durante las próximas semanas por asignaciones en otra iniciativa. La situación requiere seguimiento.,Recursos,Sintético controlado,Media
1657,Una falla del flujo de onboarding está obligando a repetir pruebas y podría afectar la fecha prevista de cierre. La novedad sigue abierta al cierre del reporte.,Técnico,Sintético controlado,Alta
1658,"Durante el seguimiento se identificó que al ejecutar solicitudes simultáneas, el servicio responde con errores y deja operaciones incompletas. El responsable confirmó que se requiere una acción de mitigación.",Técnico,Sintético controlado,Media
1659,El servicio de notificaciones presenta respuestas incompletas al aumentar el volumen de transacciones.,Técnico,Sintético controlado,Media
1660,El flujo de onboarding presenta inconsistencias de datos durante la preparación del despliegue.,Técnico,Sintético controlado,Media
1661,El equipo informó que la aplicación consume más memoria de la esperada y se reinicia bajo alta carga. El punto quedó registrado para revisión.,Técnico,Sintético controlado,Media
1662,En la revisión de avance se evidenció que la ausencia temporal de un especialista dejó pendiente una validación y la entrega prevista deberá correrse cuatro días. La situación requiere seguimiento. La situación fue detectada antes del cierre de la iteración.,Cronograma,Sintético controlado,Alta
1663,"Al ejecutar solicitudes simultáneas, el servicio responde con errores y deja operaciones incompletas. La situación requiere seguimiento. La novedad sigue abierta al cierre del reporte.",Técnico,Sintético controlado,Media
1664,El equipo informó que dos integrantes fueron trasladados a otra iniciativa y el equipo quedó con menor capacidad para atender las actividades. El punto quedó registrado para revisión.,Recursos,Sintético controlado,Media
1665,El equipo informó que el consumo de infraestructura en la nube quedó por encima de lo estimado y aumentará el gasto mensual. El asunto fue escalado para definir el siguiente paso.,Costo,Sintético controlado,Media
1666,En la última reunión se reportó que la ausencia del arquitecto de solución dejó sin atender una configuración y podría mover el cierre del sprint. El caso fue registrado en el seguimiento semanal.,Recursos,Sintético controlado,Alta
1667,"En la última reunión se reportó que una tarea crítica presenta errores, pero el especialista que conoce el componente no estará disponible esta semana. La situación requiere seguimiento. El caso fue registrado en el seguimiento semanal.",Recursos,Sintético controlado,Alta
1668,La dependencia con el equipo de implementación no se resolvió a tiempo y la siguiente actividad comenzará más tarde. El punto quedó registrado para revisión.,Cronograma,Sintético controlado,Media
1669,El equipo de arquitectura informó que la entrega del pipeline de datos tomará dos días adicionales.,Cronograma,Sintético controlado,Media
1670,El equipo informó que la rotación reciente dejó al equipo sin suficiente experiencia sobre el motor de reglas. La situación requiere seguimiento. El caso fue registrado en el seguimiento semanal.,Recursos,Sintético controlado,Media
1671,No hay una persona con el conocimiento requerido para ejecutar la actividad especializada prevista. El responsable confirmó que se requiere una acción de mitigación.,Recursos,Sintético controlado,Media
1672,Para evitar afectar la fecha de entrega se contratará capacidad adicional por 18 millones de pesos no presupuestados. La situación fue detectada antes del cierre de la iteración.,Costo,Sintético controlado,Alta
1673,El portal transaccional presenta inconsistencias de datos durante las pruebas integrales. La situación fue detectada antes del cierre de la iteración.,Técnico,Sintético controlado,Media
1674,"El proveedor pidió un ajuste adicional antes de entregar el componente, por lo que la fecha comprometida ya no podrá mantenerse. El caso fue registrado en el seguimiento semanal.",Cronograma,Sintético controlado,Alta
1675,El equipo informó que los reprocesos de esta fase demandaron horas de consultoría que no estaban incluidas en la estimación original. El punto quedó registrado para revisión.,Costo,Sintético controlado,Media
1676,En la última reunión se reportó que el portal transaccional presenta inconsistencias de datos en el último ciclo de validación. La situación requiere seguimiento.,Técnico,Sintético controlado,Media
1677,En la última reunión se reportó que se presentó una vacante inesperada en el equipo y varias responsabilidades quedaron sin responsable directo.,Recursos,Sintético controlado,Media
1678,La revisión del servicio de notificaciones está detenida: la única persona con permisos y conocimiento se encuentra fuera del proyecto.,Recursos,Sintético controlado,Alta
1679,Durante el seguimiento se identificó que el mecanismo de autenticación rechaza solicitudes válidas en algunos escenarios de prueba. El punto quedó registrado para revisión. La novedad sigue abierta al cierre del reporte.,Técnico,Sintético controlado,Media
1680,"Para cubrir la falta de capacidad se evalúa contratar apoyo externo, aunque esto implicaría un gasto adicional. La situación requiere seguimiento.",Recursos,Sintético controlado,Alta
1681,En la revisión de avance se evidenció que el equipo no alcanzó a completar las pruebas porque parte de sus integrantes fue reasignada a una atención prioritaria. El responsable confirmó que se requiere una acción de mitigación.,Recursos,Sintético controlado,Alta
1682,La entrega del servicio de notificaciones fue reprogramada para una fecha posterior a la comprometida. El punto quedó registrado para revisión.,Cronograma,Sintético controlado,Media
1683,En la última reunión se reportó que el proveedor actualizó sus tarifas y el servicio quedará 12 % por encima del monto considerado inicialmente. La situación requiere seguimiento.,Costo,Sintético controlado,Media
1684,En la última reunión se reportó que el despliegue más reciente provocó un comportamiento inesperado en el módulo de pagos. La situación requiere seguimiento. El asunto fue escalado para definir el siguiente paso.,Técnico,Sintético controlado,Media
1685,Durante el seguimiento se identificó que la integración entre sistemas no está enviando correctamente todos los campos requeridos por el destino. El punto quedó registrado para revisión. El responsable confirmó que se requiere una acción de mitigación.,Técnico,Sintético controlado,Media
1686,El mecanismo de autenticación rechaza solicitudes válidas en algunos escenarios de prueba. La situación requiere seguimiento.,Técnico,Sintético controlado,Media
1687,En la revisión de avance se evidenció que una falla del flujo de onboarding está obligando a repetir pruebas y podría afectar la fecha prevista de cierre. El punto quedó registrado para revisión. El asunto fue escalado para definir el siguiente paso.,Técnico,Sintético controlado,Alta
1688,El componente de facturación presenta errores de sincronización al aumentar el volumen de transacciones. El punto quedó registrado para revisión.,Técnico,Sintético controlado,Media
1689,El administrador de base de datos asignado al proyecto salió del equipo y todavía no se ha definido su reemplazo. El responsable confirmó que se requiere una acción de mitigación.,Recursos,Sintético controlado,Media
1690,En la última reunión se reportó que el mecanismo de autenticación rechaza solicitudes válidas en algunos escenarios de prueba.,Técnico,Sintético controlado,Media
1691,Durante el seguimiento se identificó que las pruebas consumieron dos días más de lo planeado y será necesario reprogramar el cierre de la iteración.,Cronograma,Sintético controlado,Media
1692,Durante el seguimiento se identificó que el equipo de pruebas no cuenta con suficientes analistas para cubrir todos los escenarios definidos. La situación requiere seguimiento. La situación fue detectada antes del cierre de la iteración.,Recursos,Sintético controlado,Media
1693,En la última reunión se reportó que la carga de trabajo actual supera la disponibilidad del equipo durante esta iteración. La situación requiere seguimiento. La situación fue detectada antes del cierre de la iteración.,Recursos,Sintético controlado,Media
1694,En la última reunión se reportó que el consumo de infraestructura en la nube quedó por encima de lo estimado y aumentará el gasto mensual. La situación requiere seguimiento. El caso fue registrado en el seguimiento semanal.,Costo,Sintético controlado,Media
1695,La carga de trabajo actual supera la disponibilidad del equipo durante esta iteración. El asunto fue escalado para definir el siguiente paso.,Recursos,Sintético controlado,Media
1696,La nueva cotización de el líder de frente supera en 30 % el valor aprobado para el servicio.,Costo,Sintético controlado,Media
1697,Durante el seguimiento se identificó que las horas adicionales de consultoría agotaron la reserva económica prevista para esta etapa. La situación requiere seguimiento.,Costo,Sintético controlado,Media
1698,En la última reunión se reportó que la compra de componentes adicionales incrementará en 15 millones de pesos el valor total previsto. El caso fue registrado en el seguimiento semanal.,Costo,Sintético controlado,Media
1699,El equipo informó que la carga de trabajo actual supera la disponibilidad del equipo durante esta iteración. La situación requiere seguimiento. La situación fue detectada antes del cierre de la iteración.,Recursos,Sintético controlado,Media
1700,Durante el seguimiento se identificó que el único analista funcional disponible está atendiendo dos frentes simultáneos y no puede cubrir todas las solicitudes.,Recursos,Sintético controlado,Media
1701,Durante el seguimiento se identificó que la nueva cotización de el área usuaria supera en 18 % el valor aprobado para el servicio. La situación requiere seguimiento.,Costo,Sintético controlado,Media
1702,El equipo informó que el proceso de sincronización falla cuando el volumen de transacciones supera el límite configurado. El punto quedó registrado para revisión. La novedad sigue abierta al cierre del reporte.,Técnico,Sintético controlado,Media
1703,El equipo informó que el inicio de pruebas deberá moverse ocho días porque una actividad previa continúa pendiente.,Cronograma,Sintético controlado,Media
1704,"Durante el seguimiento se identificó que fue necesario adquirir capacidad adicional para el flujo de onboarding, generando un desembolso no contemplado.",Costo,Sintético controlado,Media
1705,Los reprocesos de esta fase demandaron horas de consultoría que no estaban incluidas en la estimación original. El punto quedó registrado para revisión. El caso fue registrado en el seguimiento semanal.,Costo,Sintético controlado,Media
1706,La entrega del API de consulta fue reprogramada para una fecha posterior a la comprometida. La situación requiere seguimiento. El caso fue registrado en el seguimiento semanal.,Cronograma,Sintético controlado,Media
1707,En la última reunión se reportó que los registros procesados por el pipeline presentan valores inconsistentes frente a la fuente original. El punto quedó registrado para revisión. La novedad sigue abierta al cierre del reporte.,Técnico,Sintético controlado,Media
1708,En la revisión de avance se evidenció que una falla detectada en el pipeline de datos obligó a repetir pruebas y el salida a producción se desplazará cuatro días.,Cronograma,Sintético controlado,Alta
1709,El proveedor actualizó sus tarifas y el servicio quedará 12 % por encima del monto considerado inicialmente. El punto quedó registrado para revisión.,Costo,Sintético controlado,Media
1710,En la última reunión se reportó que los reprocesos de esta fase demandaron horas de consultoría que no estaban incluidas en la estimación original. El punto quedó registrado para revisión.,Costo,Sintético controlado,Media
1711,La ausencia temporal de un especialista dejó pendiente una validación y la entrega prevista deberá correrse ocho días. La situación fue detectada antes del cierre de la iteración.,Cronograma,Sintético controlado,Alta
1712,En la última reunión se reportó que el despliegue más reciente provocó un comportamiento inesperado en el pipeline de datos. El punto quedó registrado para revisión.,Técnico,Sintético controlado,Media
1713,El administrador de base de datos asignado al proyecto salió del equipo y todavía no se ha definido su reemplazo. El punto quedó registrado para revisión.,Recursos,Sintético controlado,Media
1714,En la revisión de avance se evidenció que el proveedor actualizó sus tarifas y el servicio quedará 20 % por encima del monto considerado inicialmente.,Costo,Sintético controlado,Media
1715,El equipo informó que los reprocesos de esta fase demandaron horas de consultoría que no estaban incluidas en la estimación original.,Costo,Sintético controlado,Media
1716,El equipo informó que el proveedor actualizó sus tarifas y el servicio quedará 25 % por encima del monto considerado inicialmente. El punto quedó registrado para revisión.,Costo,Sintético controlado,Media
1717,Durante el seguimiento se identificó que el equipo funcional tendrá disponibilidad parcial durante las próximas semanas por asignaciones en otra iniciativa. El caso fue registrado en el seguimiento semanal.,Recursos,Sintético controlado,Media
1718,El proveedor actualizó sus tarifas y el servicio quedará 22 % por encima del monto considerado inicialmente. El responsable confirmó que se requiere una acción de mitigación.,Costo,Sintético controlado,Media
1719,La revisión pendiente ha consumido dos días y todavía impide iniciar la actividad sucesora.,Cronograma,Sintético controlado,Media
1720,En la revisión de avance se evidenció que la carga de trabajo actual supera la disponibilidad del equipo durante esta iteración.,Recursos,Sintético controlado,Media
1721,En la revisión de avance se evidenció que dos integrantes fueron trasladados a otra iniciativa y el equipo quedó con menor capacidad para atender las actividades. La novedad sigue abierta al cierre del reporte.,Recursos,Sintético controlado,Media
1722,Durante el seguimiento se identificó que la rotación reciente dejó al equipo sin suficiente experiencia sobre el módulo de pagos. La situación requiere seguimiento.,Recursos,Sintético controlado,Media
1723,Durante el seguimiento se identificó que no hay una persona con el conocimiento requerido para ejecutar la actividad especializada prevista. La situación requiere seguimiento.,Recursos,Sintético controlado,Media
1724,Durante el seguimiento se identificó que la renovación de licencias requiere 12 millones de pesos más frente a la estimación inicial. La situación requiere seguimiento.,Costo,Sintético controlado,Media
1725,Dos integrantes fueron trasladados a otra iniciativa y el equipo quedó con menor capacidad para atender las actividades.,Recursos,Sintético controlado,Media
1726,La ausencia del ingeniero DevOps dejó sin atender una configuración y podría mover el cierre de la iteración. El punto quedó registrado para revisión.,Recursos,Sintético controlado,Alta
1727,El equipo informó que la actividad de configuración no terminó en la fecha prevista y desplazará el certificación del módulo.,Cronograma,Sintético controlado,Media
1728,El equipo informó que el valor acumulado de la implementación ya consume más presupuesto del esperado para el nivel de avance actual. La situación requiere seguimiento.,Costo,Sintético controlado,Media
1729,Durante el seguimiento se identificó que la salida de un especialista exige contratar soporte externo y eleva el gasto previsto en 12 %.,Costo,Sintético controlado,Alta
1730,"En la última reunión se reportó que el proveedor entregó el componente a tiempo, pero la versión instalada no es compatible con el entorno actual. El punto quedó registrado para revisión.",Técnico,Sintético controlado,Alta
1731,La rotación reciente dejó al equipo sin suficiente experiencia sobre el pipeline de datos. La situación fue detectada antes del cierre de la iteración.,Recursos,Sintético controlado,Media
1732,Durante el seguimiento se identificó que el proceso de sincronización falla cuando el volumen de transacciones supera el límite configurado. La situación fue detectada antes del cierre de la iteración.,Técnico,Sintético controlado,Media
1733,En la última reunión se reportó que el único analista funcional disponible está atendiendo dos frentes simultáneos y no puede cubrir todas las solicitudes.,Recursos,Sintético controlado,Media
1734,El equipo funcional tendrá disponibilidad parcial durante las próximas semanas por asignaciones en otra iniciativa. La situación requiere seguimiento. El caso fue registrado en el seguimiento semanal.,Recursos,Sintético controlado,Media
1735,En la última reunión se reportó que la validación no puede continuar porque el componente devuelve información inconsistente después del último despliegue. El punto quedó registrado para revisión.,Técnico,Sintético controlado,Alta
1736,En la revisión de avance se evidenció que el administrador de base de datos asignado al proyecto salió del equipo y todavía no se ha definido su reemplazo.,Recursos,Sintético controlado,Media
1737,No hay una persona con el conocimiento requerido para ejecutar la actividad especializada prevista. El asunto fue escalado para definir el siguiente paso.,Recursos,Sintético controlado,Media
1738,El equipo informó que la revisión del servicio de autenticación está detenida: la única persona con permisos y conocimiento se encuentra fuera del proyecto.,Recursos,Sintético controlado,Alta
1739,El equipo informó que el especialista de integración asignado al proyecto salió del equipo y todavía no se ha definido su reemplazo. El punto quedó registrado para revisión. La novedad sigue abierta al cierre del reporte.,Recursos,Sintético controlado,Media
1740,"Durante el seguimiento se identificó que una tarea crítica presenta errores, pero el especialista que conoce el componente no estará disponible esta semana. La novedad sigue abierta al cierre del reporte.",Recursos,Sintético controlado,Alta
1741,Durante el seguimiento se identificó que la aplicación consume más memoria de la esperada y se reinicia bajo alta carga. La situación requiere seguimiento. El caso fue registrado en el seguimiento semanal.,Técnico,Sintético controlado,Media
1742,"En la revisión de avance se evidenció que al ejecutar solicitudes simultáneas, el servicio responde con errores y deja operaciones incompletas. El punto quedó registrado para revisión.",Técnico,Sintético controlado,Media
1743,Se requieren 15 millones de pesos adicionales para completar la contratación necesaria en esta fase. La situación requiere seguimiento. La situación fue detectada antes del cierre de la iteración.,Costo,Sintético controlado,Media
1744,"En la última reunión se reportó que el proveedor puede mantener la fecha inicialmente acordada, pero únicamente con un servicio adicional de 6 millones de pesos.",Costo,Sintético controlado,Alta
1745,El equipo funcional tendrá disponibilidad parcial durante las próximas semanas por asignaciones en otra iniciativa. El punto quedó registrado para revisión.,Recursos,Sintético controlado,Media
1746,Para evitar afectar la fecha de entrega se contratará capacidad adicional por 6 millones de pesos no presupuestados. La situación requiere seguimiento.,Costo,Sintético controlado,Alta
1747,Se requieren 8 millones de pesos adicionales para completar la contratación necesaria en esta fase. El responsable confirmó que se requiere una acción de mitigación.,Costo,Sintético controlado,Media
1748,La nueva cotización de el equipo de arquitectura supera en 15 % el valor aprobado para el servicio.,Costo,Sintético controlado,Media
1749,En la última reunión se reportó que una falla del portal transaccional está obligando a repetir pruebas y podría afectar la fecha prevista de cierre.,Técnico,Sintético controlado,Alta
1750,El único especialista de integración disponible está atendiendo dos frentes simultáneos y no puede cubrir todas las solicitudes.,Recursos,Sintético controlado,Media
1751,"El equipo disponible es reducido, pero el bloqueo actual se origina en errores recurrentes de comunicación entre los sistemas. La situación requiere seguimiento. El responsable confirmó que se requiere una acción de mitigación.",Técnico,Sintético controlado,Alta
1752,Se detectó una incompatibilidad entre la versión actual del componente y una librería necesaria para la solución. La situación requiere seguimiento. La novedad sigue abierta al cierre del reporte.,Técnico,Sintético controlado,Media
1753,"Fue necesario adquirir capacidad adicional para el flujo de onboarding, generando un desembolso no contemplado.",Costo,Sintético controlado,Media
1754,Durante el seguimiento se identificó que una falla del ambiente de pruebas está obligando a repetir pruebas y podría afectar la fecha prevista de cierre.,Técnico,Sintético controlado,Alta
1755,En la última reunión se reportó que la rotación reciente dejó al equipo sin suficiente experiencia sobre el flujo de onboarding.,Recursos,Sintético controlado,Media
1756,Las nuevas exigencias del área usuaria requieren más horas de desarrollo y aumentan el valor estimado en 20 %. La situación requiere seguimiento.,Costo,Sintético controlado,Alta
1757,El consumo de infraestructura en la nube quedó por encima de lo estimado y aumentará el gasto mensual. El punto quedó registrado para revisión.,Costo,Sintético controlado,Media
1758,El equipo informó que se requieren 24 millones de pesos adicionales para completar la contratación necesaria en esta fase. El punto quedó registrado para revisión.,Costo,Sintético controlado,Media
1759,En la última reunión se reportó que las horas adicionales de consultoría agotaron la reserva económica prevista para esta etapa.,Costo,Sintético controlado,Media
1760,En la última reunión se reportó que la compra de componentes adicionales incrementará en 42 millones de pesos el valor total previsto. El punto quedó registrado para revisión.,Costo,Sintético controlado,Media
1761,La validación no puede continuar porque el componente devuelve información inconsistente después del último despliegue. El responsable confirmó que se requiere una acción de mitigación.,Técnico,Sintético controlado,Alta
1762,En la revisión de avance se evidenció que el único administrador de base de datos disponible está atendiendo dos frentes simultáneos y no puede cubrir todas las solicitudes.,Recursos,Sintético controlado,Media
1763,"En la última reunión se reportó que el equipo disponible es reducido, pero el bloqueo actual se origina en errores recurrentes de comunicación entre los sistemas. La situación requiere seguimiento. El responsable confirmó que se requiere una acción de mitigación.",Técnico,Sintético controlado,Alta
1764,La dependencia con el equipo de datos no se resolvió a tiempo y la siguiente actividad comenzará más tarde.,Cronograma,Sintético controlado,Media
1765,En la revisión de avance se evidenció que la aplicación consume más memoria de la esperada y se reinicia bajo alta carga. El punto quedó registrado para revisión. La novedad sigue abierta al cierre del reporte.,Técnico,Sintético controlado,Media
1766,En la última reunión se reportó que la ausencia del líder técnico dejó sin atender una configuración y podría mover el despliegue productivo. El asunto fue escalado para definir el siguiente paso.,Recursos,Sintético controlado,Alta
1767,Las pruebas consumieron dos días más de lo planeado y será necesario reprogramar el validación con usuarios. El punto quedó registrado para revisión.,Cronograma,Sintético controlado,Media
1768,El equipo funcional tendrá disponibilidad parcial durante las próximas semanas por asignaciones en otra iniciativa. El asunto fue escalado para definir el siguiente paso.,Recursos,Sintético controlado,Media
1769,La actividad de configuración no terminó en la fecha prevista y desplazará el aprobación funcional. El responsable confirmó que se requiere una acción de mitigación.,Cronograma,Sintético controlado,Media
1770,Durante el seguimiento se identificó que la compra de componentes adicionales incrementará en 8 millones de pesos el valor total previsto. La situación requiere seguimiento.,Costo,Sintético controlado,Media
1771,La entrega del portal transaccional fue reprogramada para una fecha posterior a la comprometida. El caso fue registrado en el seguimiento semanal.,Cronograma,Sintético controlado,Media
1772,El único desarrollador backend disponible está atendiendo dos frentes simultáneos y no puede cubrir todas las solicitudes. El caso fue registrado en el seguimiento semanal.,Recursos,Sintético controlado,Media
1773,En la última reunión se reportó que la compra de componentes adicionales incrementará en 6 millones de pesos el valor total previsto. El punto quedó registrado para revisión. El asunto fue escalado para definir el siguiente paso.,Costo,Sintético controlado,Media
1774,En la última reunión se reportó que la actividad de configuración no terminó en la fecha prevista y desplazará el salida a producción. La situación requiere seguimiento. La situación fue detectada antes del cierre de la iteración.,Cronograma,Sintético controlado,Media
1775,Se detectó una incompatibilidad entre la versión actual del componente y una librería necesaria para la solución. El punto quedó registrado para revisión. La situación fue detectada antes del cierre de la iteración.,Técnico,Sintético controlado,Media
1776,Durante el seguimiento se identificó que la rotación reciente dejó al equipo sin suficiente experiencia sobre el módulo de clientes.,Recursos,Sintético controlado,Media
1777,"El equipo informó que fue necesario adquirir capacidad adicional para el servicio de autenticación, generando un desembolso no contemplado.",Costo,Sintético controlado,Media
1778,En la revisión de avance se evidenció que el único analista de pruebas disponible está atendiendo dos frentes simultáneos y no puede cubrir todas las solicitudes. La situación requiere seguimiento. La situación fue detectada antes del cierre de la iteración.,Recursos,Sintético controlado,Media
1779,En la última reunión se reportó que el único administrador de base de datos disponible está atendiendo dos frentes simultáneos y no puede cubrir todas las solicitudes. La situación requiere seguimiento. El caso fue registrado en el seguimiento semanal.,Recursos,Sintético controlado,Media
1780,En la revisión de avance se evidenció que se requirió ampliar la capacidad del ambiente antes de continuar; esta espera mueve el despliegue productivo al siguiente periodo.,Cronograma,Sintético controlado,Alta
1781,En la última reunión se reportó que la aprobación requerida para continuar lleva ocho días pendiente y bloquea el siguiente hito.,Cronograma,Sintético controlado,Media
1782,En la revisión de avance se evidenció que dos integrantes fueron trasladados a otra iniciativa y el equipo quedó con menor capacidad para atender las actividades. El punto quedó registrado para revisión. El asunto fue escalado para definir el siguiente paso.,Recursos,Sintético controlado,Media
1783,El integración con SAP presenta consumo excesivo de memoria al ejecutar los casos de prueba.,Técnico,Sintético controlado,Media
1784,El equipo informó que no hay una persona con el conocimiento requerido para ejecutar la actividad especializada prevista. El responsable confirmó que se requiere una acción de mitigación.,Recursos,Sintético controlado,Media
1785,El motor de reglas presenta errores intermitentes durante la integración entre sistemas. El punto quedó registrado para revisión.,Técnico,Sintético controlado,Media
1786,No hay una persona con el conocimiento requerido para ejecutar la actividad especializada prevista.,Recursos,Sintético controlado,Media
1787,En la última reunión se reportó que el módulo de clientes presenta consumo excesivo de memoria en el ambiente de certificación. La novedad sigue abierta al cierre del reporte.,Técnico,Sintético controlado,Media
1788,La rotación reciente dejó al equipo sin suficiente experiencia sobre el flujo de onboarding. El asunto fue escalado para definir el siguiente paso.,Recursos,Sintético controlado,Media
1789,Durante el seguimiento se identificó que la salida de un especialista exige contratar soporte externo y eleva el gasto previsto en 8 %.,Costo,Sintético controlado,Alta
1790,En la revisión de avance se evidenció que los registros procesados por el pipeline presentan valores inconsistentes frente a la fuente original. El punto quedó registrado para revisión. El responsable confirmó que se requiere una acción de mitigación.,Técnico,Sintético controlado,Media
1791,El ambiente de pruebas pierde conexión con la base de datos de forma intermitente. El punto quedó registrado para revisión.,Técnico,Sintético controlado,Media
1792,En la última reunión se reportó que una falla detectada en el servicio de autenticación obligó a repetir pruebas y el despliegue productivo se desplazará dos semanas.,Cronograma,Sintético controlado,Alta
1793,"En la última reunión se reportó que al ejecutar solicitudes simultáneas, el servicio responde con errores y deja operaciones incompletas. La situación requiere seguimiento. El asunto fue escalado para definir el siguiente paso.",Técnico,Sintético controlado,Media
1794,Durante el seguimiento se identificó que el despliegue más reciente provocó un comportamiento inesperado en el portal transaccional. La situación requiere seguimiento. La situación fue detectada antes del cierre de la iteración.,Técnico,Sintético controlado,Media
1795,La rotación reciente dejó al equipo sin suficiente experiencia sobre el portal transaccional. La novedad sigue abierta al cierre del reporte.,Recursos,Sintético controlado,Media
1796,Las nuevas exigencias del área usuaria requieren más horas de desarrollo y aumentan el valor estimado en 15 %. La novedad sigue abierta al cierre del reporte.,Costo,Sintético controlado,Alta
1797,Durante el seguimiento se identificó que el proceso de sincronización falla cuando el volumen de transacciones supera el límite configurado. La situación requiere seguimiento. El asunto fue escalado para definir el siguiente paso.,Técnico,Sintético controlado,Media
1798,La compra de componentes adicionales incrementará en 42 millones de pesos el valor total previsto.,Costo,Sintético controlado,Media
1799,"Durante el seguimiento se identificó que una tarea crítica presenta errores, pero el especialista que conoce el componente no estará disponible esta semana. El punto quedó registrado para revisión. El asunto fue escalado para definir el siguiente paso.",Recursos,Sintético controlado,Alta
1800,En la revisión de avance se evidenció que el analista de pruebas asignado al proyecto salió del equipo y todavía no se ha definido su reemplazo. La situación requiere seguimiento.,Recursos,Sintético controlado,Media
1801,En la revisión de avance se evidenció que la validación con usuarios inició tarde y el cierre de la fase tendrá que desplazarse. El responsable confirmó que se requiere una acción de mitigación.,Cronograma,Sintético controlado,Media
1802,El equipo informó que la aprobación requerida para continuar lleva ocho días pendiente y bloquea el siguiente hito.,Cronograma,Sintético controlado,Media
1803,En la última reunión se reportó que la renovación de licencias requiere 6 millones de pesos más frente a la estimación inicial. La situación requiere seguimiento.,Costo,Sintético controlado,Media
1804,"Al ejecutar solicitudes simultáneas, el servicio responde con errores y deja operaciones incompletas. El asunto fue escalado para definir el siguiente paso.",Técnico,Sintético controlado,Media
1805,Durante el seguimiento se identificó que el valor acumulado de la implementación ya consume más presupuesto del esperado para el nivel de avance actual. La situación fue detectada antes del cierre de la iteración.,Costo,Sintético controlado,Media
1806,El despliegue más reciente provocó un comportamiento inesperado en el portal transaccional. El punto quedó registrado para revisión.,Técnico,Sintético controlado,Media
1807,El equipo informó que la actividad de configuración no terminó en la fecha prevista y desplazará el inicio de la siguiente fase.,Cronograma,Sintético controlado,Media
1808,El equipo informó que la nueva cotización de el equipo de arquitectura supera en 30 % el valor aprobado para el servicio. El punto quedó registrado para revisión.,Costo,Sintético controlado,Media
1809,El integración con SAP presenta duplicación de registros en el último ciclo de validación.,Técnico,Sintético controlado,Media
1810,El despliegue más reciente provocó un comportamiento inesperado en el flujo de onboarding. El asunto fue escalado para definir el siguiente paso.,Técnico,Sintético controlado,Media
1811,"Fue necesario adquirir capacidad adicional para el motor de reglas, generando un desembolso no contemplado. El punto quedó registrado para revisión.",Costo,Sintético controlado,Media
1812,En la revisión de avance se evidenció que el consumo de infraestructura en la nube quedó por encima de lo estimado y aumentará el gasto mensual. El responsable confirmó que se requiere una acción de mitigación.,Costo,Sintético controlado,Media
1813,Durante el seguimiento se identificó que el proceso de sincronización falla cuando el volumen de transacciones supera el límite configurado. La situación requiere seguimiento.,Técnico,Sintético controlado,Media
1814,La ausencia temporal de un especialista dejó pendiente una validación y la entrega prevista deberá correrse cuatro días. El punto quedó registrado para revisión.,Cronograma,Sintético controlado,Alta
1815,El equipo informó que los reprocesos de esta fase demandaron horas de consultoría que no estaban incluidas en la estimación original. La situación requiere seguimiento.,Costo,Sintético controlado,Media
1816,El único arquitecto de solución disponible está atendiendo dos frentes simultáneos y no puede cubrir todas las solicitudes. La situación requiere seguimiento.,Recursos,Sintético controlado,Media
1817,Durante el seguimiento se identificó que el mecanismo de autenticación rechaza solicitudes válidas en algunos escenarios de prueba. El punto quedó registrado para revisión. El asunto fue escalado para definir el siguiente paso.,Técnico,Sintético controlado,Media
1818,El equipo informó que el despliegue más reciente provocó un comportamiento inesperado en el módulo de pagos. El punto quedó registrado para revisión. El responsable confirmó que se requiere una acción de mitigación.,Técnico,Sintético controlado,Media
1819,El despliegue más reciente provocó un comportamiento inesperado en el servicio de autenticación.,Técnico,Sintético controlado,Media
1820,La rotación reciente dejó al equipo sin suficiente experiencia sobre el módulo de clientes.,Recursos,Sintético controlado,Media
1821,En la última reunión se reportó que la compra de componentes adicionales incrementará en 15 millones de pesos el valor total previsto. La situación requiere seguimiento.,Costo,Sintético controlado,Media
1822,Durante el seguimiento se identificó que la entrega del servicio de notificaciones fue reprogramada para una fecha posterior a la comprometida.,Cronograma,Sintético controlado,Media
1823,En la última reunión se reportó que el ingeniero de datos asignado al proyecto salió del equipo y todavía no se ha definido su reemplazo.,Recursos,Sintético controlado,Media
1824,El equipo informó que la actividad de configuración no terminó en la fecha prevista y desplazará el aprobación funcional. La situación requiere seguimiento. La situación fue detectada antes del cierre de la iteración.,Cronograma,Sintético controlado,Media
1825,La rotación reciente dejó al equipo sin suficiente experiencia sobre el módulo de pagos. La situación fue detectada antes del cierre de la iteración.,Recursos,Sintético controlado,Media
1826,Se detectó una incompatibilidad entre la versión actual del componente y una librería necesaria para la solución. El punto quedó registrado para revisión. El asunto fue escalado para definir el siguiente paso.,Técnico,Sintético controlado,Media
1827,En la última reunión se reportó que la aprobación requerida para continuar lleva dos días pendiente y bloquea el siguiente hito. El punto quedó registrado para revisión. La novedad sigue abierta al cierre del reporte.,Cronograma,Sintético controlado,Media
1828,En la última reunión se reportó que se detectó una incompatibilidad entre la versión actual del componente y una librería necesaria para la solución. La situación requiere seguimiento. El responsable confirmó que se requiere una acción de mitigación.,Técnico,Sintético controlado,Media
1829,El equipo informó que el despliegue más reciente provocó un comportamiento inesperado en el ambiente de pruebas.,Técnico,Sintético controlado,Media
1830,En la revisión de avance se evidenció que la actividad de configuración no terminó en la fecha prevista y desplazará el inicio de la siguiente fase. La situación requiere seguimiento.,Cronograma,Sintético controlado,Media
1831,En la última reunión se reportó que los registros procesados por el pipeline presentan valores inconsistentes frente a la fuente original. El punto quedó registrado para revisión. La situación fue detectada antes del cierre de la iteración.,Técnico,Sintético controlado,Media
1832,El equipo informó que el despliegue más reciente provocó un comportamiento inesperado en el integración con SAP. La situación requiere seguimiento. La novedad sigue abierta al cierre del reporte.,Técnico,Sintético controlado,Media
1833,El tercero de integración informó que la entrega del servicio de autenticación tomará dos semanas adicionales. El asunto fue escalado para definir el siguiente paso.,Cronograma,Sintético controlado,Media
1834,La rotación reciente dejó al equipo sin suficiente experiencia sobre el API de consulta. La situación requiere seguimiento.,Recursos,Sintético controlado,Media
1835,Durante el seguimiento se identificó que la dependencia con el equipo de implementación no se resolvió a tiempo y la siguiente actividad comenzará más tarde. La situación requiere seguimiento. El responsable confirmó que se requiere una acción de mitigación.,Cronograma,Sintético controlado,Media
1836,En la revisión de avance se evidenció que la dependencia con el equipo de desarrollo no se resolvió a tiempo y la siguiente actividad comenzará más tarde. El punto quedó registrado para revisión.,Cronograma,Sintético controlado,Media
1837,El proceso de sincronización falla cuando el volumen de transacciones supera el límite configurado. La situación requiere seguimiento. El caso fue registrado en el seguimiento semanal.,Técnico,Sintético controlado,Media
1838,Durante el seguimiento se identificó que el integración con SAP presenta bloqueos de concurrencia durante la preparación del despliegue. El punto quedó registrado para revisión.,Técnico,Sintético controlado,Media
1839,La rotación reciente dejó al equipo sin suficiente experiencia sobre el portal transaccional. La situación fue detectada antes del cierre de la iteración.,Recursos,Sintético controlado,Media
1840,En la última reunión se reportó que se presentó una vacante inesperada en el equipo y varias responsabilidades quedaron sin responsable directo. El punto quedó registrado para revisión.,Recursos,Sintético controlado,Media
1841,En la última reunión se reportó que la incorporación del nuevo analista funcional requiere entrenamiento antes de asumir las tareas asignadas. La situación requiere seguimiento.,Recursos,Sintético controlado,Media
1842,El equipo informó que se presentó una vacante inesperada en el equipo y varias responsabilidades quedaron sin responsable directo.,Recursos,Sintético controlado,Media
1843,El proveedor actualizó sus tarifas y el servicio quedará 15 % por encima del monto considerado inicialmente. La situación requiere seguimiento.,Costo,Sintético controlado,Media
1844,La actividad de configuración no terminó en la fecha prevista y desplazará el aprobación funcional. El asunto fue escalado para definir el siguiente paso.,Cronograma,Sintético controlado,Media
1845,Durante el seguimiento se identificó que el cierre de la iteración deberá moverse ocho días porque una actividad previa continúa pendiente. La situación requiere seguimiento.,Cronograma,Sintético controlado,Media
1846,El equipo informó que la ausencia temporal de un especialista dejó pendiente una validación y la entrega prevista deberá correrse quince días. El punto quedó registrado para revisión.,Cronograma,Sintético controlado,Alta
1847,Durante el seguimiento se identificó que la salida de un especialista exige contratar soporte externo y eleva el gasto previsto en 8 %. El asunto fue escalado para definir el siguiente paso.,Costo,Sintético controlado,Alta
1848,La salida de un especialista exige contratar soporte externo y eleva el gasto previsto en 15 %. El responsable confirmó que se requiere una acción de mitigación.,Costo,Sintético controlado,Alta
1849,"El equipo informó que el equipo disponible es reducido, pero el bloqueo actual se origina en errores recurrentes de comunicación entre los sistemas.",Técnico,Sintético controlado,Alta
1850,Durante el seguimiento se identificó que se presentó una vacante inesperada en el equipo y varias responsabilidades quedaron sin responsable directo. El asunto fue escalado para definir el siguiente paso.,Recursos,Sintético controlado,Media
1851,Durante el seguimiento se identificó que la aprobación requerida para continuar lleva diez días pendiente y bloquea el siguiente hito. La situación requiere seguimiento.,Cronograma,Sintético controlado,Media
1852,La ausencia temporal de un especialista dejó pendiente una validación y la entrega prevista deberá correrse ocho días. El responsable confirmó que se requiere una acción de mitigación.,Cronograma,Sintético controlado,Alta
1853,La integración entre sistemas no está enviando correctamente todos los campos requeridos por el destino. La situación requiere seguimiento.,Técnico,Sintético controlado,Media
1854,Las nuevas exigencias del área usuaria requieren más horas de desarrollo y aumentan el valor estimado en 8 %. El punto quedó registrado para revisión. El caso fue registrado en el seguimiento semanal.,Costo,Sintético controlado,Alta
1855,Durante el seguimiento se identificó que la integración entre sistemas no está enviando correctamente todos los campos requeridos por el destino. El punto quedó registrado para revisión.,Técnico,Sintético controlado,Media
1856,Una falla detectada en el pipeline de datos obligó a repetir pruebas y el validación con usuarios se desplazará ocho días.,Cronograma,Sintético controlado,Alta
1857,Los reprocesos de esta fase demandaron horas de consultoría que no estaban incluidas en la estimación original. La situación requiere seguimiento.,Costo,Sintético controlado,Media
1858,La dependencia con el líder de frente no se resolvió a tiempo y la siguiente actividad comenzará más tarde. El punto quedó registrado para revisión. El asunto fue escalado para definir el siguiente paso.,Cronograma,Sintético controlado,Media
1859,El proceso de sincronización falla cuando el volumen de transacciones supera el límite configurado. El responsable confirmó que se requiere una acción de mitigación.,Técnico,Sintético controlado,Media
1860,Durante el seguimiento se identificó que el módulo de clientes presenta consumo excesivo de memoria al aumentar el volumen de transacciones. El punto quedó registrado para revisión.,Técnico,Sintético controlado,Media
1861,En la revisión de avance se evidenció que la compra de componentes adicionales incrementará en 8 millones de pesos el valor total previsto.,Costo,Sintético controlado,Media
1862,El equipo informó que la actividad de configuración no terminó en la fecha prevista y desplazará el cierre del sprint.,Cronograma,Sintético controlado,Media
1863,El único desarrollador frontend disponible está atendiendo dos frentes simultáneos y no puede cubrir todas las solicitudes. La situación requiere seguimiento.,Recursos,Sintético controlado,Media
1864,En la última reunión se reportó que la incorporación del nuevo administrador de base de datos requiere entrenamiento antes de asumir las tareas asignadas. La situación requiere seguimiento.,Recursos,Sintético controlado,Media
1865,"En la última reunión se reportó que fue necesario adquirir capacidad adicional para el flujo de onboarding, generando un desembolso no contemplado.",Costo,Sintético controlado,Media
1866,En la revisión de avance se evidenció que la incorporación del nuevo desarrollador frontend requiere entrenamiento antes de asumir las tareas asignadas. La situación requiere seguimiento.,Recursos,Sintético controlado,Media
1867,Se presentó una vacante inesperada en el equipo y varias responsabilidades quedaron sin responsable directo. La novedad sigue abierta al cierre del reporte.,Recursos,Sintético controlado,Media
1868,Durante el seguimiento se identificó que la dependencia con el área de infraestructura no se resolvió a tiempo y la siguiente actividad comenzará más tarde. El caso fue registrado en el seguimiento semanal.,Cronograma,Sintético controlado,Media
1869,La validación con usuarios inició tarde y el cierre de la fase tendrá que desplazarse.,Cronograma,Sintético controlado,Media
1870,En la última reunión se reportó que se detectó una incompatibilidad entre la versión actual del componente y una librería necesaria para la solución. La situación fue detectada antes del cierre de la iteración.,Técnico,Sintético controlado,Media
1871,En la revisión de avance se evidenció que dos integrantes fueron trasladados a otra iniciativa y el equipo quedó con menor capacidad para atender las actividades. La situación requiere seguimiento. El asunto fue escalado para definir el siguiente paso.,Recursos,Sintético controlado,Media
1872,La dependencia con el equipo de desarrollo no se resolvió a tiempo y la siguiente actividad comenzará más tarde. El asunto fue escalado para definir el siguiente paso.,Cronograma,Sintético controlado,Media
1873,La nueva cotización de el equipo funcional supera en 25 % el valor aprobado para el servicio. El punto quedó registrado para revisión.,Costo,Sintético controlado,Media
1874,La actividad de configuración no terminó en la fecha prevista y desplazará el inicio de la siguiente fase.,Cronograma,Sintético controlado,Media
1875,Se requieren 8 millones de pesos adicionales para completar la contratación necesaria en esta fase.,Costo,Sintético controlado,Media
1876,El equipo informó que la ausencia del ingeniero de datos dejó sin atender una configuración y podría mover el despliegue productivo.,Recursos,Sintético controlado,Alta
1877,En la última reunión se reportó que el mecanismo de autenticación rechaza solicitudes válidas en algunos escenarios de prueba. El punto quedó registrado para revisión.,Técnico,Sintético controlado,Media
1878,Durante el seguimiento se identificó que las pruebas consumieron dos semanas más de lo planeado y será necesario reprogramar el inicio de pruebas. El responsable confirmó que se requiere una acción de mitigación.,Cronograma,Sintético controlado,Media
1879,"En la revisión de avance se evidenció que fue necesario adquirir capacidad adicional para el ambiente de pruebas, generando un desembolso no contemplado. La situación requiere seguimiento.",Costo,Sintético controlado,Media
1880,Las pruebas consumieron quince días más de lo planeado y será necesario reprogramar el entrega del incremento. El asunto fue escalado para definir el siguiente paso.,Cronograma,Sintético controlado,Media
1881,El equipo informó que la ausencia temporal de un especialista dejó pendiente una validación y la entrega prevista deberá correrse una semana.,Cronograma,Sintético controlado,Alta
1882,Una falla detectada en el ambiente de pruebas obligó a repetir pruebas y el certificación del módulo se desplazará una semana. El asunto fue escalado para definir el siguiente paso.,Cronograma,Sintético controlado,Alta
1883,En la última reunión se reportó que una falla del módulo de clientes está obligando a repetir pruebas y podría afectar la fecha prevista de cierre. El punto quedó registrado para revisión.,Técnico,Sintético controlado,Alta
1884,El equipo de pruebas no cuenta con suficientes analistas para cubrir todos los escenarios definidos. La situación requiere seguimiento.,Recursos,Sintético controlado,Media
1885,El equipo informó que el servicio requiere una actualización no planeada que además podría generar un gasto adicional de infraestructura. La novedad sigue abierta al cierre del reporte.,Técnico,Sintético controlado,Alta
1886,Durante el seguimiento se identificó que la nueva cotización de el equipo de pruebas supera en 18 % el valor aprobado para el servicio.,Costo,Sintético controlado,Media
1887,En la revisión de avance se evidenció que el único arquitecto de solución disponible está atendiendo dos frentes simultáneos y no puede cubrir todas las solicitudes. El caso fue registrado en el seguimiento semanal.,Recursos,Sintético controlado,Media
1888,En la última reunión se reportó que la aprobación requerida para continuar lleva una semana pendiente y bloquea el siguiente hito. El asunto fue escalado para definir el siguiente paso.,Cronograma,Sintético controlado,Media
1889,En la revisión de avance se evidenció que no hay una persona con el conocimiento requerido para ejecutar la actividad especializada prevista. El caso fue registrado en el seguimiento semanal.,Recursos,Sintético controlado,Media
1890,El equipo informó que el proceso de sincronización falla cuando el volumen de transacciones supera el límite configurado.,Técnico,Sintético controlado,Media
1891,El equipo informó que la revisión pendiente ha consumido ocho días y todavía impide iniciar la actividad sucesora.,Cronograma,Sintético controlado,Media
1892,"En la última reunión se reportó que el proveedor puede mantener la fecha inicialmente acordada, pero únicamente con un servicio adicional de 12 millones de pesos.",Costo,Sintético controlado,Alta
1893,La validación no puede continuar porque el componente devuelve información inconsistente después del último despliegue. La situación requiere seguimiento.,Técnico,Sintético controlado,Alta
1894,Durante el seguimiento se identificó que una falla del servicio de autenticación está obligando a repetir pruebas y podría afectar la fecha prevista de cierre. La situación requiere seguimiento.,Técnico,Sintético controlado,Alta
1895,En la revisión de avance se evidenció que la compra de componentes adicionales incrementará en 8 millones de pesos el valor total previsto. El caso fue registrado en el seguimiento semanal.,Costo,Sintético controlado,Media
1896,El equipo de pruebas no cuenta con suficientes analistas para cubrir todos los escenarios definidos. El punto quedó registrado para revisión.,Recursos,Sintético controlado,Media
1897,La incorporación del nuevo desarrollador backend requiere entrenamiento antes de asumir las tareas asignadas. La situación fue detectada antes del cierre de la iteración.,Recursos,Sintético controlado,Media
1898,Las nuevas exigencias del área usuaria requieren más horas de desarrollo y aumentan el valor estimado en 8 %.,Costo,Sintético controlado,Alta
1899,"En la última reunión se reportó que el proveedor pidió un ajuste adicional antes de entregar el componente, por lo que la fecha comprometida ya no podrá mantenerse. La situación requiere seguimiento.",Cronograma,Sintético controlado,Alta
1900,El equipo informó que la validación no puede continuar porque el componente devuelve información inconsistente después del último despliegue. La situación requiere seguimiento. El asunto fue escalado para definir el siguiente paso.,Técnico,Sintético controlado,Alta
1901,El equipo informó que la actividad de configuración no terminó en la fecha prevista y desplazará el salida a producción. La situación requiere seguimiento.,Cronograma,Sintético controlado,Media
1902,En la revisión de avance se evidenció que se presentó una vacante inesperada en el equipo y varias responsabilidades quedaron sin responsable directo. El punto quedó registrado para revisión.,Recursos,Sintético controlado,Media
1903,Durante el seguimiento se identificó que el equipo funcional informó que la entrega del flujo de onboarding tomará dos días adicionales. El responsable confirmó que se requiere una acción de mitigación.,Cronograma,Sintético controlado,Media
1904,La aprobación requerida para continuar lleva dos días pendiente y bloquea el siguiente hito. La situación requiere seguimiento.,Cronograma,Sintético controlado,Media
1905,Durante el seguimiento se identificó que el avance de la iteración está por debajo de lo previsto y varias tareas pasarán al siguiente ciclo. La situación fue detectada antes del cierre de la iteración.,Cronograma,Sintético controlado,Media
1906,El tercero de integración informó que la entrega del ambiente de pruebas tomará cuatro días adicionales.,Cronograma,Sintético controlado,Media
1907,El equipo informó que la dependencia con el tercero de integración no se resolvió a tiempo y la siguiente actividad comenzará más tarde.,Cronograma,Sintético controlado,Media
1908,"El equipo informó que al ejecutar solicitudes simultáneas, el servicio responde con errores y deja operaciones incompletas. El punto quedó registrado para revisión. El responsable confirmó que se requiere una acción de mitigación.",Técnico,Sintético controlado,Media
1909,La validación no puede continuar porque el componente devuelve información inconsistente después del último despliegue. La situación requiere seguimiento. La situación fue detectada antes del cierre de la iteración.,Técnico,Sintético controlado,Alta
1910,Durante el seguimiento se identificó que el despliegue más reciente provocó un comportamiento inesperado en el integración con SAP. El responsable confirmó que se requiere una acción de mitigación.,Técnico,Sintético controlado,Media
1911,La ausencia temporal de un especialista dejó pendiente una validación y la entrega prevista deberá correrse cuatro días. La situación requiere seguimiento.,Cronograma,Sintético controlado,Alta
1912,Durante el seguimiento se identificó que el módulo de clientes presenta fallas de autenticación durante la integración entre sistemas.,Técnico,Sintético controlado,Media
1913,La carga de trabajo actual supera la disponibilidad del equipo durante esta iteración. El caso fue registrado en el seguimiento semanal.,Recursos,Sintético controlado,Media
1914,La compra de componentes adicionales incrementará en 6 millones de pesos el valor total previsto. La situación requiere seguimiento.,Costo,Sintético controlado,Media
1915,Una incompatibilidad en el ambiente de pruebas obliga a adquirir una licencia adicional por 30 millones de pesos. La situación requiere seguimiento. El asunto fue escalado para definir el siguiente paso.,Costo,Sintético controlado,Alta
1916,La compra de componentes adicionales incrementará en 18 millones de pesos el valor total previsto. El punto quedó registrado para revisión. El responsable confirmó que se requiere una acción de mitigación.,Costo,Sintético controlado,Media
1917,Durante el seguimiento se identificó que el único especialista de integración disponible está atendiendo dos frentes simultáneos y no puede cubrir todas las solicitudes. La situación requiere seguimiento.,Recursos,Sintético controlado,Media
1918,El ambiente de pruebas pierde conexión con la base de datos de forma intermitente. La situación requiere seguimiento. La situación fue detectada antes del cierre de la iteración.,Técnico,Sintético controlado,Media
1919,Las horas adicionales de consultoría agotaron la reserva económica prevista para esta etapa. La situación requiere seguimiento.,Costo,Sintético controlado,Media
1920,En la última reunión se reportó que la dependencia con el proveedor de nube no se resolvió a tiempo y la siguiente actividad comenzará más tarde. El asunto fue escalado para definir el siguiente paso.,Cronograma,Sintético controlado,Media
1921,En la última reunión se reportó que la revisión pendiente ha consumido quince días y todavía impide iniciar la actividad sucesora. El responsable confirmó que se requiere una acción de mitigación.,Cronograma,Sintético controlado,Media
1922,El equipo informó que las pruebas consumieron diez días más de lo planeado y será necesario reprogramar el aprobación funcional. La situación requiere seguimiento. El caso fue registrado en el seguimiento semanal.,Cronograma,Sintético controlado,Media
1923,En la última reunión se reportó que el consumo de infraestructura en la nube quedó por encima de lo estimado y aumentará el gasto mensual.,Costo,Sintético controlado,Media
1924,El equipo informó que la revisión del integración con SAP está detenida: la única persona con permisos y conocimiento se encuentra fuera del proyecto.,Recursos,Sintético controlado,Alta
1925,En la revisión de avance se evidenció que la incorporación del nuevo desarrollador frontend requiere entrenamiento antes de asumir las tareas asignadas. El punto quedó registrado para revisión. El asunto fue escalado para definir el siguiente paso.,Recursos,Sintético controlado,Media
1926,En la última reunión se reportó que el proveedor actualizó sus tarifas y el servicio quedará 8 % por encima del monto considerado inicialmente. La situación requiere seguimiento.,Costo,Sintético controlado,Media
1927,El equipo informó que el consumo de infraestructura en la nube quedó por encima de lo estimado y aumentará el gasto mensual. El punto quedó registrado para revisión.,Costo,Sintético controlado,Media
1928,En la última reunión se reportó que el aprobación funcional deberá moverse cuatro días porque una actividad previa continúa pendiente. El asunto fue escalado para definir el siguiente paso.,Cronograma,Sintético controlado,Media
1929,La salida de un especialista exige contratar soporte externo y eleva el gasto previsto en 20 %. El caso fue registrado en el seguimiento semanal.,Costo,Sintético controlado,Alta
1930,La renovación de licencias requiere 12 millones de pesos más frente a la estimación inicial. La situación fue detectada antes del cierre de la iteración.,Costo,Sintético controlado,Media
1931,En la revisión de avance se evidenció que la aprobación requerida para continuar lleva diez días pendiente y bloquea el siguiente hito. La situación requiere seguimiento. El responsable confirmó que se requiere una acción de mitigación.,Cronograma,Sintético controlado,Media
1932,El único analista funcional disponible está atendiendo dos frentes simultáneos y no puede cubrir todas las solicitudes. El punto quedó registrado para revisión.,Recursos,Sintético controlado,Media
1933,En la revisión de avance se evidenció que la rotación reciente dejó al equipo sin suficiente experiencia sobre el servicio de autenticación.,Recursos,Sintético controlado,Media
1934,En la última reunión se reportó que los reprocesos de esta fase demandaron horas de consultoría que no estaban incluidas en la estimación original. La situación requiere seguimiento. El caso fue registrado en el seguimiento semanal.,Costo,Sintético controlado,Media
1935,El equipo no alcanzó a completar las pruebas porque parte de sus integrantes fue reasignada a una atención prioritaria. La situación requiere seguimiento. La situación fue detectada antes del cierre de la iteración.,Recursos,Sintético controlado,Alta
1936,Los registros procesados por el pipeline presentan valores inconsistentes frente a la fuente original. El punto quedó registrado para revisión. El caso fue registrado en el seguimiento semanal.,Técnico,Sintético controlado,Media
1937,En la última reunión se reportó que el especialista de integración asignado al proyecto salió del equipo y todavía no se ha definido su reemplazo. El punto quedó registrado para revisión. El caso fue registrado en el seguimiento semanal.,Recursos,Sintético controlado,Media
1938,Durante el seguimiento se identificó que la revisión del módulo de pagos está detenida: la única persona con permisos y conocimiento se encuentra fuera del proyecto. El responsable confirmó que se requiere una acción de mitigación.,Recursos,Sintético controlado,Alta
1939,En la revisión de avance se evidenció que las pruebas consumieron quince días más de lo planeado y será necesario reprogramar el aprobación funcional. El punto quedó registrado para revisión.,Cronograma,Sintético controlado,Media
1940,El equipo informó que la compra de componentes adicionales incrementará en 6 millones de pesos el valor total previsto.,Costo,Sintético controlado,Media
1941,La ausencia del analista de pruebas dejó sin atender una configuración y podría mover el cierre del sprint.,Recursos,Sintético controlado,Alta
1942,El equipo informó que la aplicación consume más memoria de la esperada y se reinicia bajo alta carga. La situación requiere seguimiento.,Técnico,Sintético controlado,Media
1943,En la última reunión se reportó que la renovación de licencias requiere 12 millones de pesos más frente a la estimación inicial. La novedad sigue abierta al cierre del reporte.,Costo,Sintético controlado,Media
1944,Dos integrantes fueron trasladados a otra iniciativa y el equipo quedó con menor capacidad para atender las actividades. El punto quedó registrado para revisión.,Recursos,Sintético controlado,Media
1945,En la revisión de avance se evidenció que la nueva cotización de el equipo de desarrollo supera en 8 % el valor aprobado para el servicio.,Costo,Sintético controlado,Media
1946,En la última reunión se reportó que la dependencia con el área de infraestructura no se resolvió a tiempo y la siguiente actividad comenzará más tarde. La situación requiere seguimiento. El responsable confirmó que se requiere una acción de mitigación.,Cronograma,Sintético controlado,Media
1947,En la revisión de avance se evidenció que se presentó una vacante inesperada en el equipo y varias responsabilidades quedaron sin responsable directo. La situación requiere seguimiento.,Recursos,Sintético controlado,Media
1948,Durante el seguimiento se identificó que el equipo de pruebas no cuenta con suficientes analistas para cubrir todos los escenarios definidos.,Recursos,Sintético controlado,Media
1949,Una falla del flujo de onboarding está obligando a repetir pruebas y podría afectar la fecha prevista de cierre.,Técnico,Sintético controlado,Alta
1950,El proceso de sincronización falla cuando el volumen de transacciones supera el límite configurado. El asunto fue escalado para definir el siguiente paso.,Técnico,Sintético controlado,Media
1951,En la última reunión se reportó que el inicio de la siguiente fase deberá moverse dos días porque una actividad previa continúa pendiente. La novedad sigue abierta al cierre del reporte.,Cronograma,Sintético controlado,Media
1952,En la última reunión se reportó que el cierre del sprint deberá moverse ocho días porque una actividad previa continúa pendiente.,Cronograma,Sintético controlado,Media
1953,El equipo de implementación informó que la entrega del módulo de clientes tomará ocho días adicionales.,Cronograma,Sintético controlado,Media
1954,Durante el seguimiento se identificó que la dependencia con el líder de frente no se resolvió a tiempo y la siguiente actividad comenzará más tarde.,Cronograma,Sintético controlado,Media
1955,En la revisión de avance se evidenció que las pruebas consumieron tres días más de lo planeado y será necesario reprogramar el salida a producción. La situación requiere seguimiento.,Cronograma,Sintético controlado,Media
1956,En la última reunión se reportó que el servicio de notificaciones presenta consumo excesivo de memoria al aumentar el volumen de transacciones.,Técnico,Sintético controlado,Media
1957,La validación no puede continuar porque el componente devuelve información inconsistente después del último despliegue. La novedad sigue abierta al cierre del reporte.,Técnico,Sintético controlado,Alta
1958,En la revisión de avance se evidenció que el equipo no alcanzó a completar las pruebas porque parte de sus integrantes fue reasignada a una atención prioritaria.,Recursos,Sintético controlado,Alta
1959,"Al ejecutar solicitudes simultáneas, el servicio responde con errores y deja operaciones incompletas. El caso fue registrado en el seguimiento semanal.",Técnico,Sintético controlado,Media
1960,El equipo informó que las nuevas exigencias del área usuaria requieren más horas de desarrollo y aumentan el valor estimado en 8 %. La situación requiere seguimiento.,Costo,Sintético controlado,Alta
1961,"En la última reunión se reportó que una tarea crítica presenta errores, pero el especialista que conoce el componente no estará disponible esta semana. La situación requiere seguimiento.",Recursos,Sintético controlado,Alta
1962,En la revisión de avance se evidenció que la ausencia temporal de un especialista dejó pendiente una validación y la entrega prevista deberá correrse quince días. La situación fue detectada antes del cierre de la iteración.,Cronograma,Sintético controlado,Alta
1963,El equipo informó que el equipo de pruebas no cuenta con suficientes analistas para cubrir todos los escenarios definidos. El punto quedó registrado para revisión.,Recursos,Sintético controlado,Media
1964,En la revisión de avance se evidenció que el ambiente de pruebas pierde conexión con la base de datos de forma intermitente. El punto quedó registrado para revisión. La situación fue detectada antes del cierre de la iteración.,Técnico,Sintético controlado,Media
1965,En la revisión de avance se evidenció que el equipo funcional tendrá disponibilidad parcial durante las próximas semanas por asignaciones en otra iniciativa.,Recursos,Sintético controlado,Media
1966,En la revisión de avance se evidenció que la incorporación del nuevo analista funcional requiere entrenamiento antes de asumir las tareas asignadas.,Recursos,Sintético controlado,Media
1967,Durante el seguimiento se identificó que el ambiente de pruebas presenta consumo excesivo de memoria durante las pruebas integrales. La situación requiere seguimiento.,Técnico,Sintético controlado,Media
1968,El consumo de infraestructura en la nube quedó por encima de lo estimado y aumentará el gasto mensual. La novedad sigue abierta al cierre del reporte.,Costo,Sintético controlado,Media
1969,La ausencia temporal de un especialista dejó pendiente una validación y la entrega prevista deberá correrse diez días. El asunto fue escalado para definir el siguiente paso.,Cronograma,Sintético controlado,Alta
1970,La dependencia con el equipo de pruebas no se resolvió a tiempo y la siguiente actividad comenzará más tarde. El punto quedó registrado para revisión.,Cronograma,Sintético controlado,Media
1971,El valor acumulado de la implementación ya consume más presupuesto del esperado para el nivel de avance actual. El punto quedó registrado para revisión.,Costo,Sintético controlado,Media
1972,Durante el seguimiento se identificó que la aprobación requerida para continuar lleva ocho días pendiente y bloquea el siguiente hito.,Cronograma,Sintético controlado,Media
1973,La renovación de licencias requiere 12 millones de pesos más frente a la estimación inicial. El punto quedó registrado para revisión. El responsable confirmó que se requiere una acción de mitigación.,Costo,Sintético controlado,Media
1974,El despliegue más reciente provocó un comportamiento inesperado en el servicio de notificaciones. El asunto fue escalado para definir el siguiente paso.,Técnico,Sintético controlado,Media
1975,El equipo informó que las pruebas consumieron diez días más de lo planeado y será necesario reprogramar el cierre de la iteración.,Cronograma,Sintético controlado,Media
1976,El API de consulta presenta inconsistencias de datos en el último ciclo de validación. El punto quedó registrado para revisión. El asunto fue escalado para definir el siguiente paso.,Técnico,Sintético controlado,Media
1977,Durante el seguimiento se identificó que la rotación reciente dejó al equipo sin suficiente experiencia sobre el flujo de onboarding. El punto quedó registrado para revisión.,Recursos,Sintético controlado,Media
1978,En la última reunión se reportó que el despliegue más reciente provocó un comportamiento inesperado en el integración con SAP. El asunto fue escalado para definir el siguiente paso.,Técnico,Sintético controlado,Media
1979,En la última reunión se reportó que se detectó una incompatibilidad entre la versión actual del componente y una librería necesaria para la solución.,Técnico,Sintético controlado,Media
1980,El portal transaccional presenta respuestas incompletas en el ambiente de certificación.,Técnico,Sintético controlado,Media
1981,En la última reunión se reportó que la nueva cotización de el proveedor de nube supera en 25 % el valor aprobado para el servicio.,Costo,Sintético controlado,Media
1982,El validación con usuarios deberá moverse cuatro días porque una actividad previa continúa pendiente.,Cronograma,Sintético controlado,Media
1983,Durante el seguimiento se identificó que el valor acumulado de la implementación ya consume más presupuesto del esperado para el nivel de avance actual. La situación requiere seguimiento. El caso fue registrado en el seguimiento semanal.,Costo,Sintético controlado,Media
1984,El equipo informó que las nuevas exigencias del área usuaria requieren más horas de desarrollo y aumentan el valor estimado en 15 %. El responsable confirmó que se requiere una acción de mitigación.,Costo,Sintético controlado,Alta
1985,En la revisión de avance se evidenció que las nuevas exigencias del área usuaria requieren más horas de desarrollo y aumentan el valor estimado en 22 %. El responsable confirmó que se requiere una acción de mitigación.,Costo,Sintético controlado,Alta
1986,La ausencia temporal de un especialista dejó pendiente una validación y la entrega prevista deberá correrse ocho días.,Cronograma,Sintético controlado,Alta
1987,Durante el seguimiento se identificó que la entrega del módulo de pagos fue reprogramada para una fecha posterior a la comprometida. La situación requiere seguimiento.,Cronograma,Sintético controlado,Media
1988,La aplicación consume más memoria de la esperada y se reinicia bajo alta carga. El punto quedó registrado para revisión. El responsable confirmó que se requiere una acción de mitigación.,Técnico,Sintético controlado,Media
1989,"El proveedor entregó el componente a tiempo, pero la versión instalada no es compatible con el entorno actual. El punto quedó registrado para revisión. El caso fue registrado en el seguimiento semanal.",Técnico,Sintético controlado,Alta
1990,La aprobación requerida para continuar lleva dos días pendiente y bloquea el siguiente hito. El responsable confirmó que se requiere una acción de mitigación.,Cronograma,Sintético controlado,Media
1991,La revisión del pipeline de datos está detenida: la única persona con permisos y conocimiento se encuentra fuera del proyecto. La situación requiere seguimiento.,Recursos,Sintético controlado,Alta
1992,Las pruebas consumieron dos semanas más de lo planeado y será necesario reprogramar el salida a producción. La situación requiere seguimiento.,Cronograma,Sintético controlado,Media
1993,La compra de componentes adicionales incrementará en 30 millones de pesos el valor total previsto. La situación fue detectada antes del cierre de la iteración.,Costo,Sintético controlado,Media
1994,La compra de componentes adicionales incrementará en 18 millones de pesos el valor total previsto. El punto quedó registrado para revisión.,Costo,Sintético controlado,Media
1995,La carga de trabajo actual supera la disponibilidad del equipo durante esta iteración. El responsable confirmó que se requiere una acción de mitigación.,Recursos,Sintético controlado,Media
1996,"Fue necesario adquirir capacidad adicional para el módulo de clientes, generando un desembolso no contemplado.",Costo,Sintético controlado,Media
1997,El equipo informó que la revisión pendiente ha consumido tres días y todavía impide iniciar la actividad sucesora. La situación requiere seguimiento.,Cronograma,Sintético controlado,Media
1998,Durante el seguimiento se identificó que el proveedor externo informó que la entrega del ambiente de pruebas tomará tres días adicionales.,Cronograma,Sintético controlado,Media
1999,El equipo informó que el proceso de sincronización falla cuando el volumen de transacciones supera el límite configurado. El responsable confirmó que se requiere una acción de mitigación.,Técnico,Sintético controlado,Media
2000,El equipo informó que la renovación de licencias requiere 18 millones de pesos más frente a la estimación inicial. El punto quedó registrado para revisión.,Costo,Sintético controlado,Media
